x,y,box type,section,nestbox,longitude,latitude
447796.72,207573.76,GT,B,B1,-1.3088096826272393,51.764811862185475
447805.72,207531.76,GT,B,B2,-1.3086850449859468,51.76443349881888
447845.72,207529.76,GT,B,B3,-1.3081057554477602,51.76441210956566
447845.72,207474.76,GT,B,B4,-1.3081133115500123,51.7639176375235
447829.72,207426.76,GT,B,B5,-1.308351726665546,51.76348746192975
447795.72,207458.76,GT,B,B7,-1.308839954550184,51.76377805112266
447775.72,207477.76,GT,B,B8,-1.3091271261444326,51.76395057154052
447762.72,207546.76,GT,B,B10,-1.3093060195341006,51.764572015756464
447748.72,207573.76,GT,B,B11,-1.3095051657819188,51.76481594784077
447764.69,207643.69,GT,B,B12,-1.3092641812551804,51.76544328774135
447721.72,207648.76,GT,B,B13,-1.3098860975303814,51.76549252441002
447778.72,207683.76,GT,B,B14,-1.3090553967992968,51.76580233887784
447811.72,207658.76,GT,B,B15,-1.308580674185631,51.76557476858198
447829.72,207726.76,GT,B,B16,-1.3083105237753858,51.766184581975786
447895.72,207732.76,GT,B,B18,-1.3073533805400173,51.766232895693655
447946.72,207757.76,GT,B,B20,-1.306610964601195,51.76645330080323
447972.72,207764.76,GT,B,B21,-1.3062332667660235,51.76651401168222
447949.72,207797.76,GT,B,B22,-1.3065619872451628,51.76681266025585
447871.72,207890.76,GT,B,B23,-1.3076794109644019,51.767655425901964
447850.72,207818.76,GT,B,B24,-1.307993598347049,51.767009908389525
447847.72,207781.76,GT,B,B25,-1.3080421523412016,51.76667751950207
447793.72,207785.76,GT,B,B26,-1.3088240540115055,51.76671808239262
447787.72,207749.76,GT,B,B27,-1.3089159335460527,51.766394938977264
447745.72,207696.76,GT,B,B28,-1.3095317695174329,51.765922022457204
447720.72,207711.76,GT,B,B29,-1.3098919536706197,51.76605900474315
447699.72,207701.8,GT,B,B30,-1.310197600286606,51.765971245550006
447707.72,207601.76,GT,B,B31,-1.3100953886451505,51.7650711657065
447671.72,207612.76,GT,B,B32,-1.3106154983299558,51.76517311908416
447656.72,207558.76,GT,B,B33,-1.310840228287362,51.764688911104805
447690.72,207545.76,GT,B,B34,-1.3103493758493878,51.764569147867746
447668.72,207577.76,GT,B,B35,-1.3106637572202837,51.76485870974169
447687.72,207515.76,GT,B,B36,-1.3103969512545541,51.76429969063125
447626.72,207504.76,GT,B,B37,-1.3112822890469793,51.76420597566774
447613.72,207496.76,GT,B,B38,-1.311471740356159,51.76413515537788
447589.54,207473.85,GT,B,B39,-1.3118252154767145,51.76393123584163
447566.31,207446.79,GT,B,B40,-1.312165489754291,51.7636899245181
447521.72,207412.76,GT,B,B42,-1.3128161923263897,51.763387757883955
447567.72,207480.76,GT,B,B43,-1.312140420775006,51.76399520921472
447530.23,207487.25,GT,B,B44,-1.3126827269426224,51.76405673296661
447522.72,207498.76,GT,B,B45,-1.3127899687594693,51.76416084849713
447552.72,207561.8,GT,B,B46,-1.3123466901171923,51.76472506295582
447547.72,207503.76,GT,B,B47,-1.3124270602914614,51.76420368324972
447574.72,207528.76,GT,B,B48,-1.3120324409268451,51.7644261555162
447581.72,207564.76,GT,B,B49,-1.3119260985311043,51.764749216795444
447646.72,207615.76,GT,B,B51,-1.3109773216908476,51.76520221320309
447605.72,207641.76,GT,B,B52,-1.3115678313486832,51.76543944289846
447587.72,207675.76,GT,B,B53,-1.3118239950978403,51.76574664318563
447542.72,207616.76,GT,B,B54,-1.3124840792294665,51.76522002292555
447532.72,207566.76,GT,B,B55,-1.3126357974269722,51.76477134951724
447510.72,207575.76,GT,B,B56,-1.3129533326684752,51.76485412592471
447524.72,207609.76,GT,B,B57,-1.3127458432216168,51.76515861452955
447502.72,207651.76,GT,B,B58,-1.3130588799751495,51.76553807411673
447501.72,207669.76,GT,B,B59,-1.313070914160034,51.7656999860959
447455.72,207705.76,GT,B,B60,-1.3137325266355195,51.766027532201335
447393.72,207609.76,GT,B,B62,-1.3146439491607407,51.765169691755524
447393.72,207640.76,GT,B,B62A,-1.3146397303164303,51.765448394506876
447403.72,207584.76,GT,B,B63,-1.3145024584982616,51.7649440869597
447470.72,207550.76,GT,B,B64,-1.3135363107213103,51.76463275024389
447475.72,207556.76,GT,B,B65,-1.313463046847728,51.76468626979271
447465.72,207511.76,GT,B,B66,-1.3136140720594753,51.76428254709356
447465.72,207469.76,GT,B,B67,-1.3136197962142255,51.76390494981988
447482.72,207455.76,GT,B,B68,-1.313375392698251,51.76377764616953
447523.72,207365.76,GT,B,B69,-1.3127936278593149,51.76296503922658
447547.72,207358.76,GT,B,B70,-1.3124468558544562,51.76290007381559
447568.72,207405.76,GT,B,B71,-1.3121361754759402,51.76332084377831
447604.72,207421.76,GT,B,B72,-1.3116123930933132,51.76346163819579
447758.72,207448.76,GT,B,B75,-1.3093774151914062,51.763691296624806
447677.72,207683.76,GT,B,B76,-1.310518841563028,51.76581092805473
447600.72,207733.76,GT,B,B77,-1.3116277028955066,51.76626698422806
447558.72,207725.76,GT,B,B78,-1.312237363164597,51.7661986216412
447443.72,207758.76,GT,B,B79,-1.3138991813672691,51.766505038385624
447442.72,207741.76,GT,B,B79A,-1.3139159872632602,51.766352285979934
447446.72,207773.76,GT,B,B80,-1.3138536681887683,51.766639640890205
447433.72,207820.76,GT,B,B80A,-1.3140356337038133,51.767063288941394
447516.72,207786.76,GT,B,B81,-1.3128376062436655,51.76675059391333
447596.72,207823.76,GT,B,B84,-1.31167335989911,51.76707645980319
447637.72,207880.76,GT,B,B85,-1.3110714732432074,51.76758543396433
447683.72,207911.8,GT,B,B86,-1.310400676752112,51.76786058936453
447722.72,207967.76,GT,B,B87,-1.3098278886222368,51.768360376919944
447690.72,207999.76,GT,B,B88,-1.3102871973900276,51.76865079000518
447775.72,207982.76,GT,B,B89,-1.3090578408788418,51.76849072326993
447801.72,208023.76,GT,B,B90,-1.308675461253783,51.76885711536442
447964.72,207749.76,GT,B,B91,-1.306351251076065,51.76637983955794
447928.72,207740.76,GT,B,B92,-1.3068741199864986,51.766302001603016
447942.72,207699.76,GT,B,B93,-1.306676908983898,51.76593219961803
447899.72,207709.76,GT,B,B94,-1.3072985855753663,51.76602577519951
447881.72,207674.76,GT,B,B95,-1.3075642111817751,51.76571264728148
447910.72,207638.76,GT,B,B96,-1.3071489682143633,51.76538651810396
447845.72,207605.76,GT,B,B97,-1.3080953139320168,51.76509537995372
447876.72,207609.76,GT,B,B98,-1.3076455951478099,51.765128697968876
447854.72,207583.76,GT,B,B99,-1.3079679332179537,51.7648968238572
447868.72,207555.76,GT,B,B99A,-1.307768932382176,51.76464389880175
447811.72,207581.76,GT,B,B100,-1.3085912458452476,51.764882507779525
447802.72,207554.76,GT,B,B101,-1.308725355267647,51.76464053356902
447821.72,207526.8,GT,B,B102,-1.308453900338449,51.76438754339157
447834.72,207496.76,GT,B,B103,-1.3082696682009716,51.76411636394421
447838.32,207450.9,GT,B,B104,-1.3082238071240775,51.76370375731067
447818.72,207429.76,GT,B,B105,-1.3085106916262994,51.76351537040079
447800.72,207405.76,GT,B,B106,-1.308774784258688,51.76330113396345
447777.74,207455.59,GT,B,B107,-1.3091008998565843,51.76375108235606
447807.72,207495.76,GT,B,B108,-1.3086610086732846,51.76410967400496
447798.72,207514.76,GT,B,B109,-1.3087888020007934,51.7642812581745
447773.72,207567.76,GT,B,B110,-1.3091437580399887,51.76475987799808
447749.72,207600.76,GT,B,B111,-1.3094869744831874,51.76505860362404
447766.72,207641.76,GT,B,B112,-1.3092350324350341,51.76542576349991
447736.72,207671.76,GT,B,B113,-1.3096656028904154,51.76569802801209
447784.72,207706.76,GT,B,B114,-1.308965303404816,51.76600860724985
447806.72,207691.76,GT,B,B115,-1.3086485911913066,51.76587187768855
447853.72,207707.76,GT,B,B116,-1.3079653827690634,51.76601171853784
447847.72,207748.76,GT,B,B117,-1.3080466868136795,51.76638083640095
447876.72,207747.76,GT,B,B118,-1.3076266221459099,51.76636937281419
447917.72,207770.76,GT,B,B119,-1.3070293784398221,51.766572652762186
447972.72,207792.76,GT,B,B121,-1.3062294092350042,51.76676574269711
447907.72,207820.76,GT,B,B122,-1.307167397176845,51.76702302624086
447860.72,207831.76,GT,B,B123,-1.307846912182321,51.76712593080764
447837.72,207800.76,GT,B,B124,-1.3081844403553977,51.76684918952838
447825.72,207780.76,GT,B,B125,-1.308361065867917,51.76667040433605
447801.72,207750.76,GT,B,B126,-1.3087129399490074,51.76640273710897
447741.72,207722.76,GT,B,B127,-1.3095861632910464,51.76615611315247
447731.72,207685.76,GT,B,B128,-1.3097361315208074,51.76582431889028
447715.72,207690.76,GT,B,B129,-1.3099672793375312,51.76587063143273
447703.72,207669.76,GT,B,B130,-1.3101440309636945,51.76568285309005
447699.72,207631.8,GT,B,B131,-1.3102071885575202,51.765341917379715
447691.72,207564.76,GT,B,B133,-1.3103322847496885,51.764739880576464
447697.72,207541.76,GT,B,B134,-1.310248499590497,51.76453259141271
447668.72,207519.76,GT,B,B136,-1.3106716961251816,51.764337266255055
447627.72,207477.76,GT,B,B137,-1.311271492403763,51.763963149826154
447590.72,207502.76,GT,B,B138,-1.3118041679862678,51.76419104848343
447604.85,207443.79,GT,B,B139,-1.3116074983642088,51.763659685865186
447545.19,207427.29,GT,B,B140,-1.3124741569805944,51.763516400958125
447526.72,207414.76,GT,B,B141,-1.3127434754733835,51.76340531535686
447504.72,207456.76,GT,B,B142,-1.3130565002193135,51.76378477501932
447515.72,207445.76,GT,B,B142A,-1.312898622895817,51.76368494939921
447534.72,207473.76,GT,B,B143,-1.3126195125426225,51.76393507209957
447505.72,207485.76,GT,B,B144,-1.3130380556142265,51.7640454122859
447527.72,207497.76,GT,B,B145,-1.3127176600567543,51.76415143471853
447556.72,207510.76,GT,B,B146,-1.3122957030043654,51.764265853610226
447564.72,207496.76,GT,B,B147,-1.3121817025274074,51.764139309992245
447596.72,207543.76,GT,B,B148,-1.3117116303258,51.76455914640367
447634.72,207592.76,GT,B,B149,-1.31115434007,51.764996452485136
447611.72,207617.76,GT,B,B150,-1.3114841759760403,51.765223164209125
447645.72,207634.76,GT,B,B151,-1.3109892115313038,51.76537311578149
447591.72,207643.76,GT,B,B152,-1.3117704101898835,51.76545861103527
447547.72,207642.76,GT,B,B153,-1.3124080824514428,51.76545334994622
447536.72,207584.76,GT,B,B154,-1.3125753835146854,51.76493283809345
447492.72,207530.76,GT,B,B155,-1.313220276021607,51.76445108090087
447509.72,207593.76,GT,B,B156,-1.3129653663169083,51.76501603793149
447520.72,207641.76,GT,B,B157,-1.3127994340045557,51.76544664627124
447532.72,207680.76,GT,B,B158,-1.3126202373789684,51.765796255981826
447479.24,207694.76,GT,B,B159,-1.3133932302189641,51.76592664847849
447455.72,207669.76,GT,B,B160,-1.3137374325214037,51.76570387748554
447430.72,207645.76,GT,B,B161,-1.3141029396371047,51.76549022094938
447425.72,207600.76,GT,B,B162,-1.3141815152240524,51.76508607500012
447469.72,207578.76,GT,B,B163,-1.3135469833364923,51.76488456630444
447438.72,207559.76,GT,B,B164,-1.3139987388180498,51.764716369522695
447457.72,207519.76,GT,B,B165,-1.3137288945232888,51.76435514686896
447460.72,207498.76,GT,B,B166,-1.3136882890281198,51.76416609456515
447496.72,207427.76,GT,B,B168,-1.3131763664196263,51.76352473012828
447515.72,207380.76,GT,B,B169,-1.312907490700674,51.76310057268334
447556.72,207397.76,GT,B,B170,-1.3123111330026027,51.763249937356875
447554.72,207377.76,GT,B,B170A,-1.3123428412488818,51.763070298601654
447580.72,207416.76,GT,B,B171,-1.3119608075576885,51.76341872116416
447621.72,207400.76,GT,B,B172,-1.3113689547699972,51.76327139753374
447745.72,207409.76,GT,B,B173,-1.3095711170932538,51.76334177685961
447714.72,207418.76,GT,B,B174,-1.3100190357581862,51.76342532667092
447753.72,207473.76,GT,B,B175,-1.3094464316603722,51.763916482145966
447668.72,207668.76,GT,B,B176,-1.3106513008688359,51.76567683649581
447592.72,207740.76,GT,B,B177,-1.3117426638318364,51.76633059552163
447526.72,207719.76,GT,B,B178,-1.312701852011682,51.7661473899627
447449.72,207766.76,GT,B,B179,-1.3138111525379705,51.766576454404465
447479.72,207788.76,GT,B,B180,-1.3133734585442045,51.766771706163475
447524.72,207793.76,GT,B,B181,-1.312720731973833,51.766812849362665
447565.72,207801.76,GT,B,B182,-1.312125554031113,51.766881299177015
447566.72,207850.76,GT,B,B183,-1.3121043705366897,51.76732174420819
447608.72,207849.76,GT,B,B184,-1.311495925467752,51.76730919241597
447636.72,207915.76,GT,B,B185,-1.311081175001471,51.76790018287952
447709.72,207935.76,GT,B,B186,-1.3100206482178434,51.76807378953913
447750.36,207960.42,GT,B,B187,-1.3094283814506862,51.76829203623911
447734.72,207987.76,GT,B,B188,-1.3096512622244263,51.76853916426186
447754.72,208029.76,GT,B,B189,-1.3093556930708998,51.76891505931618
447786.72,208094.76,GT,B,B190,-1.3088830741284259,51.7694967109032
447743.72,208050.76,GT,B,B191,-1.3095122093810296,51.76910479360275
447817.72,208064.76,GT,B,B192,-1.3084379818394087,51.769224358374885
447813.72,207992.76,GT,B,B193,-1.308505832115639,51.76857739082337
447875.72,207960.76,GT,B,B194,-1.307611825391166,51.76828441225273
447846.72,207942.76,GT,B,B194A,-1.3080345187828966,51.76812505846026
447788.72,207914.76,GT,B,B195,-1.3088787986720303,51.76787826944263
447723.72,207846.76,GT,B,B196,-1.3098299826979922,51.767272453674906
447740.72,207796.76,GT,B,B197,-1.309590507559891,51.76682148781837
447686.72,207767.76,GT,B,B198,-1.310376932428554,51.76656535718609
447651.72,207728.76,GT,B,B199,-1.3108894122368393,51.76621770432494
447676.72,207730.76,GT,B,B200,-1.31052689625499,51.766233561921965
447485.72,207826.76,GT,B,B201,-1.3132813372737795,51.767112833966806
447661.72,207431.76,GT,B,B203,-1.3107851627223286,51.76354670498351
447919.72,207754.76,GT,B,B204,-1.3070026007066993,51.766428635673265
447877.72,207724.76,GT,B,B205,-1.3076152947481616,51.766162508383395
447433.72,207666.8,GT,B,B206,-1.314056605406949,51.76567912563664
447530.72,207839.76,GT,B,B207,-1.3126275136936274,51.76722589987107
447583.72,207817.76,GT,B,B208,-1.3118625493569502,51.76702361976615
447602.72,207704.76,GT,B,B211,-1.3116026877822595,51.766006092868736
447519.72,207746.76,GT,B,B212,-1.3127995952293374,51.76639072366906
447605.72,207765.76,GT,B,B213,-1.3115508796286304,51.76655425305294
447608.72,207798.76,GT,B,B214,-1.3115028984241779,51.76685068187873
447636.72,207796.76,GT,B,B215,-1.3110974550940804,51.7668303251037
447663.72,207776.76,GT,B,B216,-1.3107089658612963,51.76664822463041
447751.72,207832.76,GT,B,B217,-1.309426182045069,51.76714420633735
447705.72,207763.76,GT,B,B218,-1.310102174300379,51.766527780839084
447605.72,207582.76,GT,B,B219,-1.311575896701996,51.764909008958526
447504.72,207508.76,GT,B,B220,-1.3130494073645178,51.76425227635661
447557.72,207344.76,GT,B,B221,-1.3123038811797096,51.76277336087401
447687.72,207389.22,GT,B,B222,-1.3104142778045615,51.76316204468365
447711.72,207510.76,GT,B,B223,-1.3100498985520868,51.76425269894876
447750.72,207895.76,GT,B,B224,-1.3094320324455586,51.76771068651405
447796.72,207941.76,GT,B,B225,-1.3087591705987138,51.76812032883452
447840.72,208003.76,GT,B,B226,-1.3081130789354771,51.768673984038365
447763.72,208100.76,GT,B,B227,-1.3092155378149817,51.76955261141056
447919.72,207883.76,GT,B,B228,-1.306984847812078,51.767588396534215
447883.72,207856.76,GT,B,B229,-1.3075102049860508,51.76734872872149
446340.33,206937.71,GT,C,C1,-1.329996345090697,51.75921562314759
446343.72,206896.76,GT,C,C2,-1.329952679667014,51.75884718441186
446328.72,206856.76,GT,C,C3,-1.3301753094549877,51.75848880441665
446301.33,206857.71,GT,C,C3A,-1.3305719895858803,51.75849960490589
446269.33,206867.71,GT,C,C3B,-1.3310342544115887,51.75859214759805
446303.72,206821.76,GT,C,C4,-1.3305421427739192,51.75817620105981
446290.72,206782.76,GT,C,C5,-1.330735657581642,51.75782664543446
446262.72,206721.76,GT,C,C6,-1.3311493946862136,51.757280535659945
446247.72,206686.76,GT,C,C7,-1.3313713435591257,51.75696710551817
446240.33,206637.71,GT,C,C8,-1.331484910150779,51.756526732337385
446110.33,206644.71,GT,C,C9,-1.333367248544832,51.75660035683678
446141.33,206711.71,GT,C,C9A,-1.3329092893188117,51.75720017080637
446147.33,206622.71,GT,C,C10,-1.3328341551753016,51.75639952690824
446215.33,206611.71,GT,C,C11,-1.3318505247689163,51.75629503881582
446248.33,206605.71,GT,C,C12,-1.3313732642144136,51.7562383788311
446285.33,206620.71,GT,C,C13,-1.3308352692640149,51.75637018674388
446308.72,206619.76,GT,C,C14,-1.3304965540782347,51.75635971713258
446344.72,206603.76,GT,C,C15,-1.3299771649000012,51.75621289949799
446388.72,206621.76,GT,C,C16,-1.3293373607796686,51.75637109406158
446429.72,206609.76,GT,C,C17,-1.3287450095785867,51.75625981967684
446427.72,206663.76,GT,C,C18,-1.3287667875521805,51.7567454694238
446464.72,206681.76,GT,C,C19,-1.328228379025809,51.75690423669576
446430.72,206728.76,GT,C,C20,-1.3287146657868467,51.75732960060562
446460.72,206724.76,GT,C,C21,-1.3282805923210235,51.75729115703699
446447.33,206843.71,GT,C,C23,-1.3284587144723068,51.758361678788006
446411.72,206819.76,GT,C,C24,-1.3289777950069226,51.758149302481506
446376.72,206875.76,GT,C,C24A,-1.3294773913862448,51.75865565992338
446420.58,206901.9,GT,C,C24B,-1.3288384945935547,51.75888704539195
446386.33,206928.71,GT,C,C24C,-1.329331118321551,51.75913091024164
446429.98,206878.41,GT,C,C25,-1.3287054435366663,51.758675082457295
446394.72,206812.76,GT,C,C26,-1.3292250088434985,51.75808777442394
446387.72,206777.76,GT,C,C27,-1.3293310786952959,51.757773687089255
446413.72,206755.76,GT,C,C28,-1.3289573463485482,51.757573748381354
446386.72,206715.76,GT,C,C29,-1.3293538199759425,51.757216361768855
446387.72,206686.76,GT,C,C30,-1.3293431939610116,51.75695555605994
446370.72,206657.76,GT,C,C31,-1.3295933285670942,51.756696237247745
446322.72,206657.76,GT,C,C32,-1.3302886900433515,51.756700199510156
446313.72,206692.76,GT,C,C33,-1.3304144182084352,51.75701560785366
446319.53,206759.73,GT,C,C34,-1.3303213470263278,51.75761721918306
446323.72,206802.76,GT,C,C34A,-1.3302549255134806,51.75800373263123
446390.33,206939.71,GT,C,C35,-1.3292717037064974,51.75922947465479
446442.72,206961.76,GT,C,C36,-1.3285097639467778,51.75942338243181
446450.72,206913.76,GT,C,C37,-1.3284002632802816,51.75899117913935
446467.72,206931.76,GT,C,C38,-1.3281515762317,51.759151600337574
446491.72,206960.76,GT,C,C39,-1.3278000067834341,51.759410336241196
446482.72,206998.76,GT,C,C40,-1.3279253246573801,51.75975271840008
446495.72,207026.76,GT,C,C41,-1.327733247949189,51.76000337429605
446533.94,207017.58,GT,C,C42,-1.327180752474026,51.75991767523371
446563.72,206999.76,GT,C,C43,-1.3267516900450118,51.7597549962684
446583.72,206987.76,GT,C,C44,-1.326463541337475,51.75964545173514
446597.72,206945.76,GT,C,C45,-1.3262663322385002,51.759266691290435
446606.33,206916.71,GT,C,C46,-1.3261454810290079,51.75900480422173
446632.72,206921.76,GT,C,C47,-1.3257624819717195,51.75904801449935
446661.33,206884.71,GT,C,C48,-1.3253529586741355,51.7587125414405
446609.33,206852.71,GT,C,C49,-1.3261105808594233,51.758429166819674
446617.33,206815.71,GT,C,C50,-1.3259996336290978,51.75809585619004
446497.72,206774.76,GT,C,C51,-1.3277379051053801,51.75773761636059
446553.72,206780.76,GT,C,C52,-1.3269258302066667,51.75778691832706
446554.72,206813.76,GT,C,C53,-1.3269069337205264,51.75808352010845
446580.33,206812.71,GT,C,C54,-1.3265360586796031,51.75807195590825
446567.33,206870.71,GT,C,C55,-1.3267166391106313,51.75859448012978
446528.33,206888.71,GT,C,C56,-1.3272792397638313,51.75875954170185
446488.33,206892.71,GT,C,C57,-1.3278582000443457,51.75879881715678
446431.72,206991.76,GT,C,C58,-1.3286651288188678,51.75969400570399
446421.72,207056.76,GT,C,C59,-1.3288013439099624,51.76027921167277
446397.33,207064.71,GT,C,C60,-1.329153643525624,51.760352702035604
446277.33,206952.71,GT,C,C61,-1.3309070654468589,51.75935567658411
446303.33,206992.71,GT,C,C61A,-1.33052507280534,51.75971315076195
446256.33,206910.71,GT,C,C62,-1.331216880393171,51.75897980827796
446224.33,206926.71,GT,C,C63,-1.3316783553869607,51.75912629116346
446314.33,206940.71,GT,C,C101,-1.330372621382022,51.75924474001541
446317.72,206904.76,GT,C,C102,-1.3303282881425975,51.75892125366198
446340.72,206848.76,GT,C,C103,-1.3300025262704605,51.75841589044154
446287.72,206829.76,GT,C,C104,-1.3307728747080834,51.75824944404424
446268.72,206788.76,GT,C,C105,-1.3310535761599966,51.75788240163232
446229.72,206720.76,GT,C,C106,-1.3316275946851301,51.75727426339533
446221.72,206699.76,GT,C,C107,-1.3317462755525251,51.75708612249059
446255.85,206653.78,GT,C,C108,-1.331257944111597,51.756669930567945
446101.33,206667.71,GT,C,C109,-1.333494585601096,51.756807876456236
446166.33,206677.71,GT,C,C110,-1.332551622513291,51.75689244015456
446227.33,206593.71,GT,C,C111,-1.3316790738458892,51.75613222272604
446254.33,206596.71,GT,C,C112,-1.3312875395668817,51.75615697047207
446283.33,206575.71,GT,C,C113,-1.3308702195902535,51.755965781114874
446322.44,206578.38,GT,C,C114,-1.3303032990254102,51.755986560356156
446351.72,206586.76,GT,C,C115,-1.3298780204756553,51.75605948394546
446404.72,206597.76,GT,C,C116,-1.3291087715376781,51.756154001043015
446435.72,206593.76,GT,C,C117,-1.3286602224789847,51.756115476257506
446455.72,206687.76,GT,C,C118,-1.3283579598905193,51.7569589241477
446476.72,206708.76,GT,C,C119,-1.3280509364496345,51.75714598559001
446434.72,206739.76,GT,C,C120,-1.3286552522328068,51.75742816474102
446443.72,206706.76,GT,C,C121,-1.3285292686340107,51.7571307354771
446453.72,206741.76,GT,C,C122,-1.3283797339784051,51.757444573895064
446457.33,206803.71,GT,C,C123,-1.3283191758772794,51.75800123347248
446418.72,206798.76,GT,C,C124,-1.3288791827116397,51.75795992433721
446440.55,206869.0,GT,C,C125,-1.32855356682179,51.75858960809065
446377.72,206815.76,GT,C,C126,-1.3294708908974369,51.75811615034375
446375.72,206798.76,GT,C,C127,-1.3295021279900787,51.75796347790122
446410.72,206785.76,GT,C,C128,-1.3289968111643338,51.75784370987292
446375.72,206747.76,GT,C,C129,-1.3295089162488538,51.75750496492002
446406.72,206696.76,GT,C,C130,-1.3290666133253242,51.757043890446276
446369.72,206673.76,GT,C,C131,-1.3296056860084458,51.7568401670734
446293.33,206653.75,GT,C,C132,-1.3307149869198676,51.75666657181787
446346.72,206709.76,GT,C,C133,-1.3299340925835907,51.757165722430436
446305.72,206735.76,GT,C,C134,-1.3305245980137146,51.75740285720148
446398.33,207008.71,GT,C,C135,-1.3291466141009662,51.75984915439355
446430.72,206941.76,GT,C,C136,-1.328686280208843,51.75924456608942
446448.52,206895.56,GT,C,C137,-1.3284345620729379,51.75882773502979
446475.72,206954.76,GT,C,C138,-1.3280326081571145,51.759357718365074
446467.72,206984.76,GT,C,C139,-1.3281445070597233,51.759628093952564
446457.72,206999.76,GT,C,C140,-1.3282873830469015,51.75976377826182
446453.72,207041.76,GT,C,C141,-1.3283397332653926,51.760141707957416
446550.72,206989.76,GT,C,C143,-1.3269413659298994,51.75966616995614
446597.72,206983.76,GT,C,C144,-1.3262612495471153,51.759608328087154
446610.72,206966.76,GT,C,C145,-1.3260751850061463,51.7594544113797
446628.72,206934.76,GT,C,C146,-1.325818691778329,51.759165222486196
446621.72,206927.76,GT,C,C147,-1.3259210408546036,51.75910287075507
446652.33,206898.75,GT,C,C148,-1.3254814645774036,51.75883951520159
446631.33,206833.71,GT,C,C149,-1.3257944046192969,51.75825652150874
446621.33,206825.71,GT,C,C150,-1.3259403469686801,51.758185428472224
446515.72,206762.76,GT,C,C151,-1.327478740760054,51.75762823995133
446535.33,206798.71,GT,C,C152,-1.3271898493634438,51.757949821431176
446584.72,206789.76,GT,C,C153,-1.3264755287516026,51.75786526095507
446591.33,206803.71,GT,C,C154,-1.3263779038196528,51.75799012914941
446576.33,206877.71,GT,C,C155,-1.3265853176512428,51.75865666664484
446528.33,206909.71,GT,C,C156,-1.3272764351958402,51.75894834104238
446480.33,206866.71,GT,C,C157,-1.32797756765095,51.758565727944266
446440.72,207019.76,GT,C,C158,-1.3285310073765386,51.75994499373923
446404.72,207048.76,GT,C,C159,-1.3290487028472981,51.76020869360482
446323.33,207042.71,GT,C,C160A,-1.3302286710732758,51.76016102326197
446353.33,207072.75,GT,C,C160B,-1.329790039837527,51.76042862002541
446247.33,206870.71,GT,C,C161,-1.3313525769543957,51.758620931643556
446211.33,206825.71,GT,C,C162,-1.3318800889997926,51.758219325572796
446174.33,206770.71,GT,C,C163,-1.3324234039774756,51.75772789475872
446350.33,209195.71,GT,CP,CP1,-1.3295508856598481,51.77951519548669
446331.33,209279.71,GT,CP,CP2,-1.329815087423804,51.780271959993826
446370.33,209284.71,GT,CP,CP3,-1.3292491456040156,51.78031368973753
446433.33,209284.71,GT,CP,CP4,-1.328336007555351,51.78030847868077
446449.33,209244.71,GT,CP,CP5,-1.3281094390436405,51.77994753756607
446402.33,209265.71,GT,CP,CP5A,-1.3287878631317598,51.780140225859164
446400.1,209230.86,GT,CP,CP5B,-1.328824832273582,51.77982709434418
446499.33,209263.71,GT,CP,CP6,-1.327382193324729,51.780114213218326
446544.33,209240.71,GT,CP,CP7,-1.3267330314563308,51.77990370195395
446499.33,209141.71,GT,CP,CP8,-1.3273984959040888,51.77901738281919
446486.33,209112.71,GT,CP,CP9,-1.3275907897442976,51.7787577381599
446461.33,209131.71,GT,CP,CP10,-1.3279505968626493,51.778930627031144
446392.33,209100.71,GT,CP,CP11,-1.3289548026331024,51.7786576342486
446356.33,209083.71,GT,CP,CP12,-1.3294788413334524,51.77850777293701
446310.33,209078.71,GT,CP,CP13,-1.3301462160153927,51.77846661986153
446309.33,209043.71,GT,CP,CP14,-1.3301653671563405,51.7781520377019
446274.9,209060.81,GT,CP,CP14A,-1.3306621069092062,51.778308614819046
446368.33,209033.71,GT,CP,CP15,-1.3293115792106376,51.77805726033489
446392.33,209053.71,GT,CP,CP16,-1.3289610682410091,51.7782350846159
446523.33,209028.71,GT,CP,CP17,-1.327065750673856,51.77799947625446
446459.33,209073.71,GT,CP,CP18,-1.3279873278038337,51.77840934855882
446504.33,208987.71,GT,CP,CP19,-1.3273466061280548,51.777632444471465
446475.33,208953.71,GT,CP,CP20,-1.3277714549749442,51.77732917336411
446357.33,208965.71,GT,CP,CP21,-1.3294800660054482,51.77744682082015
446462.33,208873.71,GT,CP,CP22,-1.3279705479156543,51.77661101665048
446483.33,208902.71,GT,CP,CP23,-1.3276623202945346,51.77686999931785
446437.33,208955.71,GT,CP,CP24,-1.3283219334225047,51.77735030074385
446504.33,208961.71,GT,CP,CP25,-1.3273500804098806,51.77739869365061
446557.33,208980.71,GT,CP,CP26,-1.3265793928938086,51.7775651158672
446549.33,208969.71,GT,CP,CP27,-1.3266968111574913,51.77746688512461
446614.33,209067.71,GT,CP,CP28,-1.3257416176672823,51.778342548716964
446615.33,208950.71,GT,CP,CP29,-1.325742796002173,51.77729058733577
446639.33,208899.71,GT,CP,CP30,-1.3254017919400056,51.77683008163765
446600.33,208929.71,GT,CP,CP31,-1.3259630070850859,51.77710303475452
446578.33,208977.71,GT,CP,CP32,-1.3262754336919553,51.77753640154733
446525.33,208860.71,GT,CP,CP33,-1.327059222670513,51.776488920503496
446663.33,208847.71,GT,CP,CP34,-1.3250609288611621,51.776360584525406
446634.33,208808.71,GT,CP,CP35,-1.3254864508766546,51.776012369549186
446664.33,208766.71,GT,CP,CP36,-1.3250572959815892,51.775632277796724
446661.33,208737.71,GT,CP,CP37,-1.3251046620373759,51.77537180526077
446894.72,208524.76,GT,CP,CP38,-1.3217509116788215,51.77343783896757
446896.72,208471.76,GT,CP,CP38A,-1.321729067922207,51.77296117995472
446973.72,208542.76,GT,CP,CP39,-1.3206036123324658,51.77359305830981
447072.72,208549.76,GT,CP,CP40,-1.319167950307715,51.773647694416816
447114.72,208507.76,GT,CP,CP40A,-1.3185649673401771,51.77326657223216
447001.72,208493.76,GT,CP,CP41,-1.32020445046875,51.77315018347525
447038.72,208452.76,GT,CP,CP42,-1.3196737892405088,51.77277847615224
447064.71,208490.18,GT,CP,CP42A,-1.31929208765185,51.773112717866084
446948.72,208462.76,GT,CP,CP43,-1.3209767041329918,51.772875917800874
446340.33,209308.76,BT,CP,CP100,-1.3296807704535505,51.780532388205586
446387.33,209314.71,BT,CP,CP101,-1.3289987438903963,51.78058199671945
446425.33,209320.71,BT,CP,CP102,-1.3284471584032118,51.78063279568729
446485.33,209319.71,BT,CP,CP103,-1.3275776307160854,51.78061883657155
446486.33,209298.71,BT,CP,CP104,-1.3275659419174817,51.780429955054345
446450.33,209319.71,BT,CP,CP105,-1.328084932999737,51.78062173576293
446531.33,209294.71,BT,CP,CP106,-1.3269142338802027,51.78039026260745
446540.33,209277.71,BT,CP,CP107,-1.3267860591895149,51.78023667902932
446563.33,209255.71,BT,CP,CP108,-1.3264556359971182,51.78003698138911
446596.33,209232.71,BT,CP,CP109,-1.3259804086852889,51.77982746188969
446640.6,209204.83,BT,CP,CP110,-1.3253424922415247,51.77957313040822
446655.33,209185.71,BT,CP,CP111,-1.3251315590530357,51.779400008945906
446694.33,209177.71,BT,CP,CP112,-1.3245673684833907,51.77932484086797
446708.33,209132.71,BT,CP,CP113,-1.324370493708449,51.778919107034405
446726.33,209123.71,BT,CP,CP114,-1.3241108138856261,51.77883669441449
446772.33,209091.71,BT,CP,CP115,-1.3234484016470138,51.77854516812413
446738.33,209084.71,BT,CP,CP116,-1.3239421267268598,51.778485068880975
446710.33,209047.71,BT,CP,CP117,-1.3243529154582119,51.77815475574243
446660.33,209070.71,BT,CP,CP118,-1.3250745092067369,51.778365695961284
446667.33,209113.71,BT,CP,CP119,-1.3249672874005947,51.77875170135628
446661.33,209162.71,BT,CP,CP120,-1.3250476794653234,51.779192730509436
446622.33,209175.71,BT,CP,CP121,-1.3256111993092818,51.77931284833232
446557.33,209171.71,BT,CP,CP122,-1.3265538397814214,51.779282284816354
446608.33,209142.71,BT,CP,CP123,-1.3258185342460773,51.77901732808772
446603.33,209107.71,BT,CP,CP124,-1.3258956906677302,51.77870307906707
446568.33,209102.71,BT,CP,CP125,-1.3264036403910513,51.778661033376736
446581.33,209032.71,BT,CP,CP126,-1.3262245918621693,51.77803062522613
446527.33,209131.71,BT,CP,CP127,-1.3269940055581306,51.77892515718946
446514.33,209068.71,BT,CP,CP128,-1.3271908458505568,51.77835983910638
446464.33,209036.71,BT,CP,CP129,-1.3279197997049026,51.77807628907862
446442.33,209097.71,BT,CP,CP130,-1.3282305168160924,51.77862652610053
446417.33,209047.71,BT,CP,CP131,-1.3285995287960106,51.778179074250914
446417.33,208984.71,BT,CP,CP132,-1.3286079316456596,51.77761267792239
446377.33,209003.71,BT,CP,CP133,-1.3291851353122834,51.77778680385626
446681.33,208711.71,BT,CP,CP134,-1.3248182959040251,51.77513639082883
446701.33,208746.71,BT,CP,CP135,-1.3245237480423175,51.7754493909899
446755.33,208744.71,BT,CP,CP136,-1.3237414118471185,51.775426912819235
446767.33,208712.71,BT,CP,CP137,-1.3235717994768583,51.77513821949796
446722.33,208688.71,BT,CP,CP138,-1.324227187373573,51.77492619862947
446597.33,208777.71,BT,CP,CP139,-1.3260268373526942,51.77573674078446
446623.33,208808.71,BT,CP,CP140,-1.3256458724257245,51.77601328373804
446591.33,208861.71,BT,CP,CP141,-1.3261025492999736,51.776492434006755
446564.33,208823.71,BT,CP,CP142,-1.3264989449681124,51.77615303967796
446527.33,208908.71,BT,CP,CP143,-1.3270238196834263,51.776920294659234
446455.33,208938.71,BT,CP,CP144,-1.3280633231627352,51.77719597349274
446389.33,208935.71,BT,CP,CP145,-1.3290202779911182,51.777174463246965
446263.33,209119.71,BT,CP,CP146,-1.3308219679045894,51.778839104815695
446273.33,209170.71,BT,CP,CP147,-1.3306702484038322,51.77929679150828
446316.33,209216.71,BT,CP,CP148,-1.3300408866488627,51.77970680233782
446369.33,209115.71,BT,CP,CP149,-1.3292861596361976,51.77879439199104
446385.33,209171.71,BT,CP,CP150,-1.3290467947861349,51.77929653267026
446363.33,209155.71,BT,CP,CP151,-1.3293677930050165,51.7791545045812
446417.33,209186.71,BT,CP,CP152,-1.328580988199626,51.779428742143075
446446.33,209163.71,BT,CP,CP153,-1.328163732940327,51.779219562380916
446524.33,209183.71,BT,CP,CP154,-1.3270305347529439,51.77939290746743
446489.33,209199.71,BT,CP,CP155,-1.327535685661643,51.779539655587556
446448.33,209209.71,BT,CP,CP156,-1.328128605067987,51.779632955870056
446487.33,209228.71,BT,CP,CP157,-1.327560799445241,51.77980054330719
446572.33,209197.71,BT,CP,CP158,-1.3263329512583473,51.77951479046208
445711.33,208363.71,GT,EX,EX1,-1.3389218329143833,51.77208757947483
445636.33,208384.71,GT,EX,EX2,-1.3400059540791802,51.772282483153056
445602.33,208356.71,GT,EX,EX3,-1.3405023401040939,51.77203351457939
445547.33,208400.75,GT,EX,EX4,-1.3412936185362354,51.77243392072347
445483.33,208370.71,GT,EX,EX5,-1.3422250164337166,51.77216903849423
445452.33,208363.71,GT,EX,EX5A,-1.3426751726183426,51.772108617029126
445486.33,208437.71,GT,EX,EX6,-1.3421727874426266,51.77277115555154
445561.33,208502.71,GT,EX,EX7,-1.341077389786143,51.77334945034824
445557.33,208562.71,GT,EX,EX8,-1.3411275058957666,51.77388920194626
445573.33,208620.71,GT,EX,EX8A,-1.3408880368641756,51.77440934859059
445503.33,208584.71,GT,EX,EX9,-1.3419072108582726,51.77409137332631
445473.33,208641.71,GT,EX,EX10,-1.342334533856854,51.77460626082877
445542.33,208712.71,GT,EX,EX10A,-1.3413252644793974,51.77523898649461
445444.33,208706.71,GT,EX,EX11,-1.342746329469015,51.77519298936141
445792.33,208402.71,GT,EX,EX11C,-1.33774287959409,51.77243160285536
445406.33,208764.71,GT,EX,EX12,-1.3432894844666645,51.77571751167564
445480.33,208770.71,GT,EX,EX12A,-1.3422162315783108,51.77576546115787
445382.33,208817.71,GT,EX,EX13,-1.3436304020233325,51.77619594707027
445305.33,208756.71,GT,EX,EX13A,-1.3447543014704457,51.77565375218257
445451.33,208853.71,GT,EX,EX14,-1.3426256855393501,51.77651401804309
445559.33,208789.71,GT,EX,EX14A,-1.3410688106611324,51.775929870641875
445630.33,208871.71,GT,EX,EX14B,-1.340029065689923,51.77666131733455
445523.33,208906.71,GT,EX,EX15,-1.34157525192141,51.77698467449759
445612.33,208972.71,GT,EX,EX16,-1.3402767053953188,51.7775708153945
445694.33,208976.71,GT,EX,EX17,-1.3390877207854115,51.777600104830384
445710.33,209023.71,GT,EX,EX18,-1.3388496530850507,51.77802135204079
445761.33,208957.71,GT,EX,EX18A,-1.3381191602698899,51.77742382585495
445807.33,209073.71,GT,EX,EX19,-1.3374371977832518,51.77846296244616
445815.33,208992.71,GT,EX,EX19A,-1.3373319116105886,51.77773408409197
445893.33,209060.71,GT,EX,EX20,-1.33619245521154,51.77833905855455
445992.33,209122.71,GT,EX,EX21,-1.334749390810997,51.77888835806446
446025.33,209133.71,GT,EX,EX22,-1.334269640073406,51.77898454646947
446123.33,208965.71,GT,EX,EX25,-1.3328715092524792,51.77746610667861
446155.33,208949.71,GT,EX,EX26,-1.3324098438381227,51.777319628259576
446225.33,208867.71,GT,EX,EX27,-1.3314062036081344,51.776576650458075
446168.33,208842.71,GT,EX,EX28,-1.3322356247434608,51.77635658304887
446108.33,208834.71,GT,EX,EX29,-1.333106264558676,51.77628959358384
446020.33,208789.71,GT,EX,EX29A,-1.3343875969404162,51.775892249004464
445981.49,208869.98,GT,EX,EX30,-1.3349398949875995,51.77661709531513
445914.33,208883.71,GT,EX,EX31,-1.3359114397600131,51.7767460339141
445950.33,208948.71,GT,EX,EX31A,-1.3353811052552322,51.777327464802994
445844.33,208866.71,GT,EX,EX32,-1.3369281984959835,51.77659892049657
445775.33,208855.71,GT,EX,EX33,-1.337929668538707,51.776505659298124
445711.33,208853.71,GT,EX,EX34,-1.3388574873458539,51.776492896175135
445694.33,208899.71,GT,EX,EX34A,-1.3390978301983498,51.77690784110047
445687.33,208804.71,GT,EX,EX35,-1.339211752741561,51.776054319396685
445645.33,208807.71,GT,EX,EX35A,-1.3398200620877547,51.77608470903829
445626.33,208771.71,GT,EX,EX36,-1.3401001468937843,51.7757625984775
445613.33,208723.71,GT,EX,EX37,-1.3402948438504199,51.775332114180586
445634.33,208665.71,GT,EX,EX38,-1.3399981011990112,51.77480896096369
445669.33,208666.71,GT,EX,EX38A,-1.339490731664958,51.77481510384146
445695.33,208717.71,GT,EX,EX39,-1.3391072308914995,51.77527149960625
445861.33,208761.71,GT,EX,EX39A,-1.3366956511518544,51.77565353548038
445778.33,208758.71,GT,EX,EX39B,-1.3378989471796536,51.77563334207959
445793.33,208670.71,GT,EX,EX39C,-1.3376931327982429,51.77484095947005
445730.33,208660.71,GT,EX,EX40,-1.3386074759924718,51.77475619306494
445795.33,208539.71,GT,EX,EX41,-1.337681381984228,51.77366304858988
445755.33,208462.71,GT,EX,EX41A,-1.3382711887219008,51.77297404756153
445738.33,208427.71,GT,EX,EX41B,-1.3385221500213287,51.77266076792469
445761.33,208406.71,GT,EX,EX41C,-1.3381915983034534,51.77247009346821
445851.33,208441.71,GT,EX,EX41D,-1.3368827294479586,51.77277741237105
445777.33,208408.71,GT,EX,EX41E,-1.337959466994824,51.772486769361066
445837.33,208589.71,GT,EX,EX42,-1.3370661278311686,51.77410914128716
445869.33,208651.71,GT,EX,EX42A,-1.3365942045724484,51.77466393349695
445912.33,208625.71,GT,EX,EX43,-1.3359744578411947,51.77442666536702
445873.33,208521.71,GT,EX,EX43A,-1.3365533664130642,51.773494849513156
445919.33,208499.71,GT,EX,EX43B,-1.3358896321724067,51.77329329744211
445982.36,208540.65,GT,EX,EX43C,-1.3349707919769427,51.77365620445788
446085.33,208625.71,GT,EX,EX43D,-1.3334672752640118,51.7744124832059
446010.33,208649.71,GT,EX,EX43E,-1.334551031544601,51.774634408522395
445891.33,208698.71,GT,EX,EX44,-1.3362691737844459,51.77508468514713
445963.33,208750.71,GT,EX,EX45,-1.335218839933491,51.77554629437131
446031.33,208756.71,GT,EX,EX46,-1.3342325397894055,51.775594662429796
446112.33,208725.71,GT,EX,EX47,-1.333062733389402,51.77530930805962
446150.33,208758.71,GT,EX,EX47A,-1.3325076366776014,51.77560286796006
446170.25,208679.27,GT,EX,EX48,-1.3322294783999726,51.774887029495716
446179.33,208737.71,GT,EX,EX48A,-1.332090132910679,51.77541168291461
446245.33,208674.71,GT,EX,EX49,-1.3311419854906352,51.77483985012196
446155.33,208632.71,GT,EX,EX49A,-1.3324518807304209,51.77446966257851
446227.33,208612.71,GT,EX,EX49B,-1.3314110846102052,51.77428392683454
446215.33,208762.71,GT,EX,EX49C,-1.331565076479152,51.77563347951704
446308.33,208686.71,GT,EX,EX50,-1.330227361069918,51.774942539258724
446397.33,208674.71,GT,EX,EX51,-1.3289391249368516,51.7748273017315
446381.33,208780.71,GT,EX,EX51A,-1.3291568799047198,51.775781609389036
446314.33,208817.71,GT,EX,EX51B,-1.3301229745004317,51.776119789624246
446379.33,208890.71,GT,EX,EX51C,-1.3291712072885185,51.77677072107685
446444.87,208795.54,GT,EX,EX51D,-1.3282340282890999,51.775909681170965
446477.33,208704.71,GT,EX,EX52,-1.32777571943039,51.77509039336563
446535.33,208706.71,GT,EX,EX53,-1.3269348825608813,51.77510356678844
446607.33,208709.71,GT,EX,EX54,-1.3258910152031451,51.77512456184983
446634.33,208663.71,GT,EX,EX55,-1.3255058785488119,51.77470875921687
446552.33,208643.71,GT,EX,EX56,-1.3266969345410813,51.774535760173556
446473.33,208633.71,GT,EX,EX57,-1.3278431693621089,51.774452404776724
446421.33,208586.71,GT,EX,EX58,-1.3286030409659064,51.774034159389025
446392.33,208565.71,GT,EX,EX59,-1.329026114847818,51.773847758931154
446331.33,208517.71,GT,EX,EX60,-1.3299165269578679,51.773421258545255
446309.33,208474.71,GT,EX,EX61,-1.3302410724488476,51.773036486220576
446299.33,208425.71,GT,EX,EX62,-1.33039250871483,51.7725967803943
446322.33,208376.71,GT,EX,EX62A,-1.3300657176576092,51.77215435118211
446330.33,208317.71,GT,EX,EX62B,-1.329957636310719,51.77162325538326
446330.33,208264.71,GT,EX,EX62C,-1.3299646894308539,51.77114676257037
446300.77,208230.55,GT,EX,EX62D,-1.3303975958830294,51.77084208912473
446325.53,208122.65,GT,EX,EX62E,-1.3300531498802137,51.76986997807943
446379.19,208094.35,GT,EX,EX62F,-1.3292793372562282,51.7696111167605
446411.61,208050.73,GT,EX,EX62G,-1.3288153590173009,51.769216273914445
446454.65,207990.58,GT,EX,EX62H,-1.3281997043317573,51.76867193843431
446427.53,207969.36,GT,EX,EX62I,-1.3285955167808279,51.76848340566858
446234.33,208384.71,GT,EX,EX63,-1.3313399202776366,51.77223353204005
446184.33,208449.71,GT,EX,EX64,-1.3320558808007055,51.77282202752707
446127.33,208492.71,GT,EX,EX65,-1.3328762194875554,51.77321330461368
445877.75,208346.33,GT,EX,EX66,-1.336512423751964,51.77191774472844
445956.33,208360.71,GT,EX,EX67,-1.3353717766786546,51.77204059748817
445909.33,208292.71,GT,EX,EX68,-1.3360618501585058,51.77143309458687
445899.33,208257.71,GT,EX,EX69,-1.3362113787405239,51.77111924711884
445865.33,208233.71,GT,EX,EX70,-1.3367072457386056,51.77090625632071
445851.33,208172.71,GT,EX,EX71,-1.336918156719965,51.7703589832507
445808.33,208198.71,GT,EX,EX71A,-1.33753785292599,51.77059624639214
445922.33,208217.71,GT,EX,EX72,-1.3358833540986657,51.77075774778918
445912.33,208188.71,GT,EX,EX72A,-1.3360320904392493,51.770497843166275
445964.33,208152.71,GT,EX,EX73,-1.3352833042021028,51.770169930632534
446031.33,208127.71,GT,EX,EX73A,-1.3343157108141983,51.769939678060965
445909.33,208141.71,GT,EX,EX74,-1.3360817611218756,51.770075537758366
445916.33,208096.71,GT,EX,EX75,-1.3359862584750102,51.76967039510839
445885.33,208058.71,GT,EX,EX75A,-1.3364404831195686,51.76933129364698
445899.33,207993.71,GT,EX,EX76,-1.3362461807024675,51.76874576987019
445991.33,207977.71,GT,EX,EX77,-1.3349151616377224,51.76859439113226
446079.33,207964.71,GT,EX,EX78,-1.333641716484461,51.76847029710748
445837.33,208289.71,GT,EX,EX79,-1.337105628435665,51.77141200888882
445795.33,208313.71,GT,EX,EX80,-1.3377111115771874,51.771631208559825
445778.33,208354.71,GT,EX,EX81A,-1.3379520759412225,51.77200120382449
446086.33,207856.71,GT,EX,EX84,-1.3335545768515258,51.7674987545729
446042.33,207841.75,GT,EX,EX85,-1.334194122165974,51.76736786880767
446001.33,207834.71,GT,EX,EX86,-1.3347891473311195,51.76730793800058
445921.33,207835.71,GT,EX,EX88,-1.335948224291426,51.76732347965151
445826.33,207888.71,GT,EX,EX89,-1.3373178109577626,51.76780773819935
445791.33,207896.71,GT,EX,EX90,-1.337823918636568,51.767882518469975
445759.33,207904.71,GT,EX,EX91,-1.3382865570293088,51.76795705198128
445731.33,207934.71,GT,EX,EX92,-1.3386883463380344,51.76822904769534
445993.52,209214.58,BT,EX,EX100,-1.3347200008452027,51.779714211033024
445894.31,209199.67,BT,EX,EX101,-1.336159925371821,51.77958828855723
445845.86,209163.52,BT,EX,EX102,-1.3368669244781404,51.7792672459005
445801.96,209174.35,BT,EX,EX103,-1.3375017832793754,51.77936819800606
445794.8,209149.49,BT,EX,EX104,-1.3376088316360024,51.77914528035994
445765.41,209150.22,BT,EX,EX105,-1.338034711595317,51.77915424162377
445743.23,209131.56,BT,EX,EX106,-1.338358639343126,51.77898828901128
445689.25,209135.51,BT,EX,EX107,-1.339140499361305,51.77902819985793
445673.31,209089.66,BT,EX,EX108,-1.339377549191155,51.7786172862572
445623.39,209101.66,BT,EX,EX109,-1.3400995037660135,51.778729233192415
445606.61,209081.38,BT,EX,EX110,-1.3403453670958942,51.77854827139679
445557.47,209091.39,BT,EX,EX111,-1.341056278391314,51.7786422580835
445569.37,209048.79,BT,EX,EX112,-1.340889380751964,51.778258298938155
445556.22,209022.65,BT,EX,EX113,-1.341083393752417,51.77802435673968
445508.7,209029.56,BT,EX,EX114,-1.3417712241463982,51.77809033717933
445480.94,209040.76,BT,EX,EX115,-1.3421721023393178,51.778193281134826
445436.83,208988.65,BT,EX,EX116,-1.342818218992058,51.77772836308626
445395.81,208994.62,BT,EX,EX117,-1.3434119624266823,51.77778535647579
445394.49,208956.68,BT,EX,EX118,-1.3434360423511877,51.77744436577981
445359.22,208973.82,BT,EX,EX119,-1.343944990059222,51.77760131450403
445349.71,208927.24,BT,EX,EX120,-1.3440888919408054,51.77718330823817
445325.05,208930.8,BT,EX,EX121,-1.344445833069412,51.77721730686015
445288.6,208932.37,BT,EX,EX122,-1.3449739099508142,51.7772343651858
445236.52,208932.45,BT,EX,EX123,-1.345728711563554,51.777239285742134
445229.92,208899.7,BT,EX,EX124,-1.3458286234118733,51.77694538056987
445203.42,208876.33,BT,EX,EX125,-1.3462157290871835,51.77673740929165
445154.35,208909.7,BT,EX,EX126,-1.3469225793790502,51.777041371794304
445200.44,208939.69,BT,EX,EX127,-1.3462506903504208,51.77730728435764
447963.72,207858.76,GT,MP,MP1,-1.3063507266078422,51.7673598778897
447995.72,207860.76,GT,MP,MP2,-1.3058867697179557,51.76737512282422
448026.72,207878.76,GT,MP,MP3,-1.3054350956830336,51.76753429775641
448057.72,207841.8,GT,MP,MP4,-1.304991004066497,51.76719935911485
448031.72,207830.76,GT,MP,MP5,-1.3053692665470245,51.76710233108174
448030.72,207795.76,GT,MP,MP6,-1.3053885843432278,51.7667877529723
448037.72,207767.76,GT,MP,MP7,-1.305291018150477,51.766535422872394
448052.72,207811.76,GT,MP,MP8,-1.3050675995837107,51.766929715931894
448078.72,207818.76,GT,MP,MP9,-1.304689895743289,51.76699042182496
448096.72,207785.76,GT,MP,MP10,-1.304433635483826,51.76669219659955
448090.72,207763.76,GT,MP,MP11,-1.3045236127825939,51.76649492219612
448089.72,207730.76,GT,MP,MP12,-1.3045426599517278,51.766198324995585
448119.72,207736.8,GT,MP,MP13,-1.3041071354799072,51.76625005550156
448152.72,207733.76,GT,MP,MP14,-1.3036293965713244,51.76621989426248
448158.72,207690.76,GT,MP,MP15,-1.3035484054563644,51.765832792689245
448190.72,207683.76,GT,MP,MP16,-1.3030857088972365,51.765767113123964
448199.72,207658.76,GT,MP,MP17,-1.3029587635923057,51.765541580529536
448221.72,207630.76,GT,MP,MP18,-1.302643873115485,51.76528795980288
448250.72,207583.76,GT,MP,MP19,-1.302230193747118,51.76486291909441
448277.72,207566.76,GT,MP,MP20,-1.3018413413934422,51.76470776061501
448294.72,207540.76,GT,MP,MP21,-1.3015986310768417,51.76447254794683
448334.72,207501.76,GT,MP,MP22,-1.3010244800317474,51.76411847946139
448366.72,207434.76,GT,MP,MP23,-1.3005701375417167,51.763513366802854
448356.72,207411.76,GT,MP,MP24,-1.3007182189549056,51.76330744954018
448397.72,207421.76,GT,MP,MP25,-1.3001227916628066,51.763393819503676
448399.72,207392.76,GT,MP,MP26,-1.3000978443200895,51.76313292582151
448435.72,207371.76,GT,MP,MP27,-1.299579172901164,51.76294102218578
448398.72,207376.76,GT,MP,MP28,-1.3001145564495284,51.76298916585761
448377.72,207353.76,GT,MP,MP29,-1.3004220123018135,51.7627841973727
448363.72,207370.76,GT,MP,MP30,-1.300622491401036,51.76293824049135
448368.72,207321.76,GT,MP,MP31,-1.3005568533621867,51.762497280590416
448413.72,207330.76,GT,MP,MP32,-1.2999036214881652,51.762574314390555
448440.72,207343.76,GT,MP,MP33,-1.2995106242739751,51.76268885986258
448488.72,207295.76,GT,MP,MP34,-1.2988218578694972,51.76225317668872
448457.72,207302.76,GT,MP,MP34A,-1.2992700238030177,51.762318786587095
448422.72,207277.76,GT,MP,MP35,-1.2997805936794673,51.76209704746927
448372.72,207288.76,GT,MP,MP36,-1.3005034827388273,51.76220025303678
448396.72,207260.76,GT,MP,MP37,-1.3001596525752463,51.76194645328295
448439.72,207246.76,GT,MP,MP38,-1.2995386033546992,51.761816878593585
448481.72,207255.76,GT,MP,MP39,-1.2989288444316291,51.761894165907414
448517.72,207253.76,GT,MP,MP40,-1.2984075454889545,51.76187307447663
448487.72,207218.76,GT,MP,MP41,-1.2988470656721243,51.76156100331206
448447.72,207210.76,GT,MP,MP42,-1.2994277048693093,51.76149253416767
448406.72,207231.76,GT,MP,MP43,-1.3000188001132889,51.761684869679826
448390.72,207219.76,GT,MP,MP44,-1.3002522785491204,51.76157836462291
448407.72,207160.76,GT,MP,MP45,-1.300014179397035,51.76104646577496
448477.72,207167.76,GT,MP,MP46,-1.2989990454430531,51.76110335729602
448510.72,207193.76,GT,MP,MP47,-1.298517319917306,51.7613342563247
448556.72,207188.76,GT,MP,MP48,-1.2978515650793017,51.76128532695212
448489.72,207134.76,GT,MP,MP49,-1.2988297832608888,51.760805637977946
448460.2,207118.29,GT,MP,MP50,-1.299259758003791,51.76066011560515
448419.72,207113.76,GT,MP,MP51,-1.2998468568415147,51.76062288242674
448469.72,207074.76,GT,MP,MP52,-1.2991278906538672,51.76026794198867
448521.72,207119.76,GT,MP,MP53,-1.2983682594582198,51.76066801690033
448559.72,207141.76,GT,MP,MP54,-1.2978146533209811,51.760862519287656
448598.34,207079.41,GT,MP,MP55,-1.2972638285406732,51.76029862635561
448559.72,207079.76,GT,MP,MP56,-1.297823296727477,51.7603051153171
448512.72,207064.76,GT,MP,MP57,-1.2985063103381078,51.76017432346219
448488.72,207049.76,GT,MP,MP58,-1.2988561035339312,51.760041541310684
448553.24,207029.14,GT,MP,MP59,-1.2979242331496466,51.759850582440706
448601.72,207042.76,GT,MP,MP60,-1.297219973608926,51.75996883605781
448589.72,207010.76,GT,MP,MP61,-1.2973982890318196,51.75968218254697
448542.72,206988.76,GT,MP,MP62,-1.298082269895976,51.759488460396
448567.72,206970.76,GT,MP,MP63,-1.2977225921931765,51.75932447093529
448605.72,206956.76,GT,MP,MP64,-1.2971740229585822,51.75919531643554
448602.72,206929.76,GT,MP,MP65,-1.2972212522258855,51.75895283572161
448621.72,206914.76,GT,MP,MP66,-1.2969480867813397,51.7588163345269
448468.72,207029.76,GT,MP,MP67,-1.2991486398688663,51.759863460787734
448478.72,206992.76,GT,MP,MP68,-1.299008912974495,51.7595299528025
448519.72,206960.76,GT,MP,MP69,-1.2984193822476797,51.75923871797474
448559.72,206926.76,GT,MP,MP70,-1.2978446252298321,51.75892958593188
448536.72,206873.76,GT,MP,MP71,-1.29818521787734,51.75845508439716
448484.72,206908.76,GT,MP,MP72,-1.298933679239014,51.7587742417553
448396.98,206917.97,GT,MP,MP73,-1.3002035128792326,51.75886461458592
448311.72,206937.76,GT,MP,MP74,-1.3014359558618507,51.75904987867639
448359.72,206990.76,GT,MP,MP75,-1.3007332048209368,51.75952223650178
448390.72,207004.76,GT,MP,MP76,-1.300282147143324,51.7596454304973
448383.72,207042.76,GT,MP,MP77,-1.300378281909094,51.759987668816585
448423.72,207060.76,GT,MP,MP78,-1.2997962732844286,51.76014604666247
448367.72,207167.76,GT,MP,MP79,-1.3005927273614417,51.76111284669722
448343.72,207270.76,GT,MP,MP80,-1.3009261438862625,51.76204092452136
448341.72,207316.76,GT,MP,MP81,-1.300948735916447,51.76245465471942
448334.72,207373.76,GT,MP,MP82,-1.3010422446546759,51.76296770976704
448302.72,207433.76,GT,MP,MP83,-1.3014975589246989,51.76350988793616
448290.72,207471.76,GT,MP,MP84,-1.301666155324766,51.76385255532319
448279.72,207503.76,GT,MP,MP85,-1.3018210970403856,51.76414119410469
448227.72,207521.76,GT,MP,MP86,-1.302572032148313,51.764307491817014
448221.72,207584.76,GT,MP,MP87,-1.3026502428841675,51.764874401910845
448181.72,207609.76,GT,MP,MP88,-1.3032263532798791,51.76510259703341
448096.72,207648.76,GT,MP,MP89,-1.3044525581160047,51.765460513052695
448077.72,207710.76,GT,MP,MP90,-1.3047192972340043,51.76601954529888
447955.72,207914.76,GT,MP,MP91,-1.306458934165131,51.767864023536795
447983.72,207936.76,GT,MP,MP92,-1.3060501767293773,51.768059418728534
448018.72,207967.76,GT,MP,MP93,-1.305538742276737,51.76833512705531
448025.32,208016.67,GT,MP,MP94,-1.305436359542924,51.76877428219105
447941.72,207986.76,GT,MP,MP95,-1.306651883150954,51.768512527927626
447925.72,207923.76,GT,MP,MP96,-1.306892401422738,51.76794749988583
447796.72,207184.76,GT,MP,MP97,-1.3088630666087622,51.761314595091584
447817.72,207173.76,GT,MP,MP98,-1.308560326365443,51.76121391207986
445294.72,208013.76,GT,O,O1,-1.3450047300541461,51.768975149303856
445295.72,208068.76,GT,O,O2,-1.344983084853202,51.76946954395619
445269.72,208067.76,GT,O,O3,-1.3453599764517072,51.76946265128338
445228.72,208069.76,GT,O,O4,-1.3459538406884206,51.76948393780514
445176.72,208063.76,GT,O,O5,-1.3467081427472873,51.76943418317107
445203.72,208060.76,GT,O,O5A,-1.346317280004223,51.769405037773076
445173.72,208103.76,GT,O,O6,-1.3467464258545878,51.76979404319121
445203.72,208133.76,GT,O,O7,-1.346307803047221,51.77006134154545
445208.72,208155.8,GT,O,O8,-1.3462324862838912,51.77025908857821
445267.72,208154.76,GT,O,O9,-1.3453776475427408,51.7702449826898
445297.72,208135.76,GT,O,O10,-1.3449453870136239,51.770071743366756
445339.72,208246.76,GT,O,O11,-1.344322309811338,51.771066292673076
445404.72,208227.76,GT,O,O12,-1.3433828507064194,51.770890218857716
445364.72,208273.76,GT,O,O13,-1.3439565083728446,51.7713070146668
445385.72,208271.76,GT,O,O13A,-1.3436524493889113,51.77128733580721
445451.72,208171.76,GT,O,O14,-1.3427090709939946,51.770382948826736
445419.72,208178.76,GT,O,O15,-1.3431718735819813,51.77044847274192
445431.72,208109.76,GT,O,O16,-1.343006983111752,51.76982715996406
445431.72,208036.76,GT,O,O17,-1.3430165078600078,51.76917085659816
445339.57,207980.91,GT,O,O18,-1.3443591007718696,51.76867619129666
445340.72,208043.76,GT,O,O19,-1.3443342529183118,51.76924114882347
445342.72,208098.76,GT,O,O20,-1.3442981093270414,51.7697354625129
445270.72,207991.76,GT,O,O21,-1.345355366354423,51.76877929552075
445238.72,207974.76,GT,O,O22,-1.3458212744380544,51.76862903787364
445222.72,207955.76,GT,O,O23,-1.346055590925581,51.768459508479516
445168.72,207887.76,GT,O,O24,-1.346846898711448,51.76785250518794
445223.72,207860.76,GT,O,O25,-1.3460534376970774,51.76760533375062
445161.72,207857.76,GT,O,O26,-1.3469522214905176,51.76758335446906
445124.72,207881.76,GT,O,O27,-1.3474852502059236,51.76780210159251
445122.72,207833.76,GT,O,O27A,-1.347520450267563,51.76737071991463
445160.95,207823.54,GT,O,O28,-1.3469678166481347,51.76727576263201
445236.72,208018.76,GT,O,O29,-1.3458445395448926,51.76902477945701
445291.72,207960.76,GT,O,O30,-1.345055095628989,51.76849889692728
445251.72,207904.76,GT,O,O30A,-1.345641993546377,51.76799865742889
445298.72,207975.76,GT,O,O31,-1.3449517107078266,51.768633188931254
445251.72,207852.76,GT,O,O32,-1.3456487506710808,51.76753115327648
445289.33,207863.71,GT,O,O33,-1.3451023498287218,51.7676265653525
445302.72,207803.76,GT,O,O34,-1.3449161243273704,51.76708650644047
445340.33,207824.71,GT,O,O35,-1.3443684253907555,51.767271819761795
445310.72,207766.76,GT,O,O36,-1.3448050178023028,51.76675321350147
445345.33,207761.71,GT,O,O37,-1.3443041778965246,51.76670501665098
445313.72,207707.76,GT,O,O38,-1.3447692246251755,51.76622253388782
445296.72,207656.76,GT,O,O38A,-1.3450221841580234,51.7657653922734
445283.72,207629.76,GT,O,O38B,-1.3452140600935456,51.76552369859536
445496.72,207825.76,GT,O,O39,-1.342102178551022,51.76726860460361
445462.72,207850.76,GT,O,O40,-1.3425915788163376,51.76749612110288
445459.72,207817.76,GT,O,O41,-1.3426393572200497,51.767199678924584
445423.72,207885.76,GT,O,O42,-1.3431521309371748,51.76781394485013
445377.72,207909.76,GT,O,O43,-1.3438155571275656,51.76803343686083
445380.72,207931.76,GT,O,O44,-1.3437692190145123,51.76823098443546
445344.72,207886.76,GT,O,O45,-1.3442967341658532,51.76782932330816
445334.72,207897.76,GT,O,O46,-1.3444402051624842,51.767929026204236
445308.72,207948.76,GT,O,O47,-1.344810318184913,51.768389639269394
445470.72,207553.76,GT,O,O48,-1.3425144345124016,51.764825306046596
445432.72,207554.76,GT,O,O49,-1.343064898861825,51.76483737347113
445431.72,207610.76,GT,O,O50,-1.3430720834133325,51.765340920391374
445397.72,207631.8,GT,O,O51,-1.3435619840121997,51.76553283063397
445377.72,207665.76,GT,O,O52,-1.3438473506161686,51.76583976401395
445348.72,207698.76,GT,O,O53,-1.3442632539521329,51.76613879305741
445438.72,207968.76,GT,O,O54,-1.3429239461772493,51.76855893877248
445366.72,207968.76,GT,O,O55,-1.3439672646518468,51.76856476327752
445416.72,208003.76,GT,O,O56,-1.3432381729540115,51.76887538551848
445453.72,208114.76,GT,O,O57,-1.3426875297765772,51.769870330881716
445427.72,207495.76,GT,O,O58,-1.3431450407745136,51.76430734071424
445394.72,207517.76,GT,O,O59,-1.343620316184545,51.76450780062698
445324.72,207450.76,GT,O,O60,-1.3446432815168508,51.76391109578116
445357.72,207427.76,GT,O,O61,-1.3441681380001196,51.76370164952194
445323.72,207872.76,GT,O,O62,-1.344602852656923,51.76770515303212
445432.72,207470.76,GT,O,O63,-1.3430758558880278,51.7640821744169
445472.72,207440.76,GT,O,O64,-1.3425002085387363,51.76380922158541
445533.33,207430.71,GT,O,O65,-1.34162334355093,51.763713954301934
445582.33,207406.71,GT,O,O66,-1.3409165245166248,51.76349420641825
445493.33,207493.71,GT,O,O67,-1.3421946741449047,51.76428359671643
445454.72,207485.76,GT,O,O68,-1.3427551381978988,51.764215250353296
445539.33,207561.75,GT,O,O69,-1.3415192766754254,51.76489157777074
445581.33,207542.71,GT,O,O70,-1.3409132156667851,51.764716990397325
445601.33,207494.71,GT,O,O71,-1.3406297142266284,51.764283823862066
445710.33,207362.71,GT,O,O72,-1.3390677194442437,51.76308821771083
445701.33,207286.71,GT,O,O73,-1.3392080896388499,51.76240567549916
445633.33,207335.71,GT,O,O74,-1.3401868920672033,51.76285174001093
445771.33,207166.71,GT,O,O75,-1.3382096586948269,51.761321117110334
445831.33,207155.71,GT,O,O75A,-1.337341813950139,51.76121732684701
445871.33,207127.71,GT,O,O75B,-1.3367659743590796,51.76096232697089
445833.33,207103.71,GT,O,O75C,-1.3373196791214894,51.76074965964956
445894.33,207084.71,GT,O,O75D,-1.3364384133621063,51.760573857430444
445791.33,207210.71,GT,O,O76,-1.3379141108612744,51.76171506633469
445712.33,207287.71,GT,O,O77,-1.3390485843497302,51.76241377032656
445747.33,207342.71,GT,O,O78,-1.3385342617315314,51.762905394419
445754.33,207372.71,GT,O,O78A,-1.338428900099122,51.76317453767231
445788.33,207390.71,GT,O,O79,-1.337933914915086,51.76333359359375
445811.33,207436.71,GT,O,O80,-1.3375946214283445,51.76374527802072
445780.33,207502.71,GT,O,O81,-1.3380351047781012,51.764341177254174
445805.33,207580.71,GT,O,O82,-1.3376626174453012,51.765040393218584
445788.33,207625.71,GT,O,O83,-1.3379030209229676,51.76544635068957
445745.33,207577.71,GT,O,O84,-1.3385323750081584,51.76501831492433
445640.33,207606.71,GT,O,O85,-1.3400499606028062,51.76528758561927
445584.33,207655.71,GT,O,O86,-1.3408549580041706,51.76573266873207
445494.33,207677.71,GT,O,O87,-1.342156150343773,51.76593776073403
445912.33,207645.71,GT,O,O93,-1.33610368429006,51.76561603059813
445958.33,207605.71,GT,O,O94,-1.3354424425948688,51.76525264803576
445955.33,207585.71,GT,O,O95,-1.3354885499572355,51.76507308466136
445978.33,207543.71,GT,O,O96,-1.3351608385154665,51.76469360221707
445734.33,207874.71,GT,O,O100,-1.3386527552282246,51.76768937614822
445672.33,207883.71,GT,O,O101,-1.3395499699074924,51.7677753389103
445681.33,207827.71,GT,O,O102,-1.3394269035289517,51.76727114105787
445746.33,207787.71,GT,O,O103,-1.3384903010987106,51.76690622884321
445716.33,207772.71,GT,O,O104,-1.338926969952944,51.76677381637828
445697.33,207743.71,GT,O,O105,-1.3392060843426679,51.76651464043965
445717.33,207689.71,GT,O,O106,-1.3389233758071382,51.76602752720771
445709.33,207638.71,GT,O,O107,-1.3390459870911866,51.76556966551916
445834.33,207594.71,GT,O,O108,-1.3372405827391365,51.76516389227631
445869.33,207566.71,GT,O,O109,-1.336737140439806,51.764909300517004
445880.33,207543.71,GT,O,O110,-1.3365807874750606,51.764701621092044
445925.33,207523.71,GT,O,O111,-1.3359314072093902,51.76451813204948
445957.33,207531.71,GT,O,O112,-1.3354666966626834,51.764587436580605
445853.33,207841.75,GT,O,O113,-1.3369327570297413,51.76738334150371
445873.33,207775.71,GT,O,O114,-1.3366516536667477,51.76678797792982
445904.33,207703.71,GT,O,O115,-1.3362119559267134,51.76613813104148
446001.33,207664.71,GT,O,O116,-1.3348116032002346,51.765779562054824
446057.33,207708.71,GT,O,O117,-1.3339943656724669,51.76617054929307
446026.33,207781.71,GT,O,O118,-1.334433899636488,51.76682939480689
446051.33,207804.71,GT,O,O119,-1.3340686092984995,51.76703412436123
445200.72,207781.76,BT,O,O201,-1.3463969668632485,51.766896939605786
445219.72,207799.76,BT,O,O202,-1.3461193194488774,51.76705723760528
445221.72,207822.76,BT,O,O203,-1.34608735269106,51.76726385719479
445199.72,207764.76,BT,O,O204,-1.3464136632675074,51.76674418219115
445237.72,207769.76,BT,O,O205,-1.345862395314916,51.76678607316669
445227.72,207748.76,BT,O,O206,-1.3460100222646758,51.76659807923591
445196.72,207728.76,BT,O,O207,-1.346461805140001,51.7664207669284
445267.72,207788.76,BT,O,O208,-1.3454252264651285,51.766954473324546
445261.72,207826.76,BT,O,O209,-1.3455072278091778,51.76729659487122
445285.72,207750.76,BT,O,O210,-1.3451693473548982,51.766611383657995
445238.72,207716.76,BT,O,O211,-1.3458547899424742,51.76630949783394
445249.72,207703.76,BT,O,O212,-1.3456970909825035,51.76619173509493
445282.72,207691.76,BT,O,O213,-1.3452204884722152,51.7660811882067
445229.72,207675.76,BT,O,O214,-1.3459905229574898,51.76594161395812
445188.72,207679.76,BT,O,O215,-1.3465840818302726,51.76598087808647
445272.72,207664.76,BT,O,O216,-1.345368895700646,51.76583925225939
445247.72,207645.76,BT,O,O217,-1.3457336058710436,51.76567044921118
445210.72,207638.76,BT,O,O218,-1.3462706303566447,51.765610497303626
445181.72,207631.81,BT,O,O219,-1.3466917303168808,51.765550348577875
445190.72,207593.76,BT,O,O220,-1.3465662611349396,51.765207536697545
445257.72,207617.76,BT,O,O221,-1.3455923481889893,51.7654179099165
445254.72,207586.76,BT,O,O222,-1.3456398447645919,51.76513944727525
445297.72,207599.76,BT,O,O223,-1.3450151079418569,51.765252854966114
445293.72,207558.76,BT,O,O224,-1.3450783977175942,51.764884568575596
445306.72,207502.76,BT,O,O225,-1.344897320468003,51.764380053241766
445325.72,207645.76,BT,O,O226,-1.3446034160873255,51.76566415614227
445346.72,207616.76,BT,O,O227,-1.344302910131984,51.765401736498845
445327.72,207602.76,BT,O,O228,-1.3445800331538407,51.765277404597036
445382.72,207598.76,BT,O,O229,-1.3437836327331512,51.76523699865004
445354.72,207644.76,BT,O,O230,-1.3441833476520524,51.7656528231758
445487.33,207623.71,BT,O,O231,-1.3422646309740982,51.76545284312912
445511.33,207647.71,BT,O,O232,-1.341913745931941,51.76566666876953
445500.33,207605.71,BT,O,O233,-1.3420786185789897,51.76528996117232
445552.33,207610.71,BT,O,O234,-1.341324511605316,51.76533069589921
445420.33,207659.71,BT,O,O235,-1.3432307351075028,51.76578192535368
445400.33,207700.71,BT,O,O236,-1.3435151832779544,51.76615215238314
445403.33,207741.71,BT,O,O237,-1.343466368803946,51.76652051869422
445410.33,207792.71,BT,O,O238,-1.3433582895640623,51.76697846597123
445383.33,207820.71,BT,O,O239,-1.3437458714004935,51.76723238269136
445481.33,207700.71,BT,O,O240,-1.3423415126940543,51.76614559486572
445509.33,207730.71,BT,O,O241,-1.3419318792577706,51.76641303914691
445554.33,207724.71,BT,O,O242,-1.3412806212701813,51.76635544598114
445499.72,208014.76,BT,O,O243,-1.3420340132115887,51.76896755787418
445524.72,208033.76,BT,O,O244,-1.3416692626614513,51.76913634920902
445542.72,208082.76,BT,O,O245,-1.3414020209052906,51.76957542110623
445545.72,208121.81,BT,O,O246,-1.3413534403672842,51.76992625486825
445556.72,208170.76,BT,O,O247,-1.3411876350975478,51.77036544471611
445574.72,208186.76,BT,O,O248,-1.3409247008952345,51.770507830484924
445576.72,208219.76,BT,O,O249,-1.340891398820763,51.77080435296219
445582.72,208287.76,BT,O,O250,-1.3407955485900271,51.77141521629154
445623.72,208298.76,BT,O,O251,-1.3401999581110842,51.77151077947572
445559.72,208287.76,BT,O,O252,-1.341128851736858,51.77141708400995
445483.72,208229.76,BT,O,O253,-1.3422377785438786,51.77090180260164
445495.72,208186.76,BT,O,O254,-1.3420695019718056,51.770514240404154
445468.72,208141.76,BT,O,O255,-1.3424666396881424,51.770111858113026
445456.72,208063.76,BT,O,O256,-1.342650714925171,51.76941157463551
445457.72,208034.76,BT,O,O257,-1.3426400100482045,51.76915077039462
445404.72,207957.76,BT,O,O258,-1.3434180586008546,51.76846279533444
445568.72,208102.76,BT,O,O259,-1.3410226413169946,51.76975311969557
445594.72,208138.76,BT,O,O260,-1.34064116356792,51.77007466427712
445618.72,208181.76,BT,O,O261,-1.3402877454628224,51.77045930331697
447226.33,207400.71,GT,P,P1,-1.317097672127077,51.7633043546973
447207.33,207495.71,GT,P,P2,-1.3173600822590663,51.764160042779075
447167.33,207551.71,GT,P,P3,-1.317932059980358,51.76466686905165
447188.33,207599.71,GT,P,P4,-1.317621282680068,51.76509664394219
447227.33,207656.71,GT,P,P5,-1.3170484681908623,51.765605817360395
447223.33,207763.71,GT,P,P6,-1.3170919162372974,51.7665681283082
447254.33,207742.71,GT,P,P7,-1.3166455816044011,51.76637672037202
447288.33,207788.71,GT,P,P8,-1.3161466832339463,51.76678741561381
447314.33,207802.71,GT,P,P9,-1.315768043982113,51.766911090040416
447352.33,207568.71,GT,P,P10,-1.3152492455266722,51.76480412882872
447292.33,207556.71,GT,P,P11,-1.3161202300667334,51.764701302654316
447234.33,207532.71,GT,P,P12,-1.316963859856701,51.76449041670041
447236.33,207462.71,GT,P,P13,-1.3169443756387407,51.76386091916912
447153.33,207568.71,GT,P,P14,-1.3181326072326653,51.76482088250177
447105.33,207601.71,GT,P,P15,-1.3188236283341712,51.76512159685267
447070.33,207626.71,GT,P,P16,-1.3193273769750262,51.76534929370267
447006.33,207611.71,GT,P,P17,-1.320256725580566,51.765219801076164
446946.33,207593.71,GT,P,P18,-1.3211285159111021,51.76506299525241
446914.33,207609.71,GT,P,P19,-1.3215900197253672,51.76520951769664
446835.33,207587.71,GT,P,P20,-1.3227376409039158,51.7650183260258
446767.33,207549.71,GT,P,P21,-1.3237280189462073,51.76468235980726
446823.33,207539.71,GT,P,P22,-1.3229179663835533,51.764587786705924
446911.33,207515.71,GT,P,P23,-1.3216461496375091,51.76436466847634
446997.33,207496.71,GT,P,P24,-1.320402648942534,51.76418665610843
447090.33,207505.71,BT,P,P100,-1.3190539492538083,51.764259775182744
447099.33,207552.71,BT,P,P101,-1.3189171913148232,51.76468156980335
447049.33,207462.71,BT,P,P102,-1.3196538107000348,51.7638766253044
447024.33,207437.71,BT,P,P103,-1.3200194102362028,51.763653959728956
447103.33,207400.71,BT,P,P104,-1.3188797917712316,51.76331469009717
447121.33,207366.71,BT,P,P105,-1.3186235935971524,51.7630075049358
447170.33,207354.71,BT,P,P106,-1.3179152733857808,51.762895504235495
447185.33,207395.71,BT,P,P107,-1.317692389270046,51.76326285073138
447169.33,207448.71,BT,P,P108,-1.3179170315876452,51.76374068780231
447156.33,207506.71,BT,P,P109,-1.3180975343982078,51.764263224482
447273.33,207451.71,BT,P,P110,-1.3164097775695778,51.76375890955181
447281.33,207422.76,BT,P,P111,-1.3162977963463878,51.76349796313975
447298.33,207399.71,BT,P,P112,-1.3160546164372482,51.76328930175502
447302.33,207456.71,BT,P,P113,-1.3159889199322592,51.76380141842205
447351.33,207474.71,BT,P,P114,-1.315276515242952,51.76395911428438
447380.33,207457.76,BT,P,P115,-1.3148586408407692,51.763804279500135
447401.33,207500.71,BT,P,P116,-1.3145485277629008,51.76418864465904
447363.33,207509.71,BT,P,P117,-1.3150978876994064,51.76427276629502
447300.33,207494.71,BT,P,P118,-1.316012736918489,51.76414322277466
447256.33,207484.71,BT,P,P119,-1.3166516115491826,51.76405702485036
447339.33,207514.71,BT,P,P120,-1.315444945936675,51.76431974309358
447326.33,207583.71,BT,P,P121,-1.3156239275772912,51.76494117797462
447269.33,207606.71,BT,P,P122,-1.3164466955519423,51.765152760916635
447218.33,207605.71,BT,P,P123,-1.3171857887421279,51.76514806338788
447254.33,207640.71,BT,P,P124,-1.3166594225272537,51.765459698127025
447306.33,207622.71,BT,P,P125,-1.3159084157373306,51.765293490183176
447352.33,207626.71,BT,P,P126,-1.3152413592265781,51.765325572773584
446202.33,207910.71,GT,SW,SW1,-1.3318665533881775,51.76797470108613
446216.33,207871.71,GT,SW,SW2,-1.3316688651740116,51.76762292127269
446241.33,207876.75,GT,SW,SW3,-1.331305940938659,51.76766617386498
446274.33,207845.71,GT,SW,SW4,-1.3308318887835058,51.76738439078838
446320.98,207891.12,GT,SW,SW5,-1.3301498842336228,51.76778879831225
446327.33,207836.71,GT,SW,SW6,-1.3300651098391214,51.76729910453484
446331.33,207801.71,GT,SW,SW7,-1.3300118061526238,51.76698410904877
446281.33,207774.71,GT,SW,SW8,-1.3307398940814332,51.766745492465645
446338.33,207737.71,GT,SW,SW9,-1.3299188923605283,51.76640814315121
446318.33,207680.71,GT,SW,SW10,-1.3302162696407842,51.76589733898902
446322.33,207639.71,GT,SW,SW11,-1.3301637645212872,51.76552840085983
446325.33,207597.75,GT,SW,SW12,-1.3301258773310591,51.7651509143991
446304.33,207572.71,GT,SW,SW13,-1.3304334839830787,51.76492752657149
446269.33,207542.71,GT,SW,SW14,-1.3309445962101496,51.76466069955468
446239.33,207501.71,GT,SW,SW15,-1.3313847169700148,51.764294563531756
446260.33,207485.71,GT,SW,SW16,-1.331082570331465,51.7641489861097
446303.33,207521.71,GT,SW,SW17,-1.3304547536878004,51.764469096543316
446358.33,207529.71,GT,SW,SW18,-1.3296567837209698,51.76453648027707
446366.33,207552.71,GT,SW,SW19,-1.329537808106581,51.76474259961326
446401.33,207577.71,GT,SW,SW20,-1.3290273528766148,51.764964468284184
446420.33,207585.71,GT,SW,SW21,-1.328750989122116,51.76503482075491
446461.33,207594.71,GT,SW,SW22,-1.328155724681259,51.76511234235617
446500.33,207602.71,GT,SW,SW23,-1.327589570563539,51.765181036195784
446523.33,207554.71,GT,SW,SW24,-1.327262726277347,51.76474758935809
446550.33,207530.71,GT,SW,SW25,-1.3268747239438277,51.76452958033487
446443.33,207550.71,GT,SW,SW26,-1.328422401161394,51.76471825279332
446425.33,207512.71,GT,SW,SW27,-1.3286882731896812,51.764378105216124
446452.33,207484.71,GT,SW,SW28,-1.3283008005893049,51.76412413911717
446468.33,207455.71,GT,SW,SW29,-1.3280728446112746,51.76386209205495
446515.33,207463.71,GT,SW,SW30,-1.3273907939910818,51.76393012266596
446510.33,207427.71,GT,SW,SW31,-1.3274680463489112,51.763606881239
446283.33,207228.71,GT,SW,SW32,-1.3307834709717548,51.761836545775324
446328.33,207280.71,GT,SW,SW33,-1.3301245795409107,51.76230033690388
446359.33,207328.71,GT,SW,SW34,-1.3296690479048205,51.76272931888223
446381.33,207366.71,GT,SW,SW35,-1.3293452380875233,51.76306913833705
446424.33,207401.71,GT,SW,SW36,-1.3287175575777945,51.76338024911996
446460.33,207368.71,GT,SW,SW37,-1.3282003614972648,51.76308058605622
446503.33,207381.71,GT,SW,SW38,-1.3275756103067577,51.76319390104976
446571.33,207393.71,GT,SW,SW39,-1.326588769655076,51.763296148637984
446601.33,207389.71,GT,SW,SW40,-1.3261546408954374,51.76325769706013
446596.33,207435.71,GT,SW,SW41,-1.3262209308400648,51.7636716721878
446590.33,207468.71,GT,SW,SW42,-1.3263034500149593,51.7639688546028
446607.33,207529.71,GT,SW,SW43,-1.3260489737789245,51.7645158597715
446666.33,207531.71,GT,SW,SW44,-1.325193843830942,51.76452893842782
446699.33,207483.71,GT,SW,SW45,-1.3247221367070803,51.76409465308271
446668.33,207455.71,GT,SW,SW46,-1.3251750490781435,51.76384549925827
446646.33,207423.71,GT,SW,SW47,-1.325498092146548,51.76355963407321
446628.33,207376.71,GT,SW,SW48,-1.325765184053059,51.76313857917916
446666.33,207376.71,GT,SW,SW49,-1.325214611749051,51.763135421267286
446674.33,207369.71,GT,SW,SW49A,-1.3250996398306898,51.76307182307562
446720.33,207436.71,GT,SW,SW50,-1.3244241713828753,51.763670355224164
446734.33,207470.71,GT,SW,SW51,-1.3242167644213099,51.76397486443117
446742.33,207421.71,GT,SW,SW52,-1.3241074283798384,51.76353366715008
446714.33,207379.71,GT,SW,SW53,-1.3245187497825468,51.7631583999397
446789.33,207359.71,GT,SW,SW54,-1.32343478051114,51.762972344594154
446791.33,207400.71,GT,SW,SW55,-1.3234002951550798,51.76334078554946
446817.33,207436.71,GT,SW,SW56,-1.3230187472098527,51.76366227303873
446878.33,207437.71,GT,SW,SW57,-1.322134789502783,51.76366617225014
446859.33,207384.71,GT,SW,SW58,-1.322417209257804,51.763191266028514
446847.33,207337.71,GT,SW,SW59,-1.3225973958406803,51.762769717481326
446894.33,207300.71,GT,SW,SW60,-1.321921412269199,51.762433147058374
446890.33,207348.71,GT,SW,SW61,-1.321972904447049,51.762865021810185
446964.33,207329.71,GT,SW,SW61A,-1.3209033066242282,51.762688017138196
446899.33,207378.71,GT,SW,SW62,-1.3218384671040246,51.7631339827632
446960.33,207394.71,GT,SW,SW63,-1.3209524972784785,51.76327272953194
446960.33,207394.71,GT,SW,SW63,-1.3209524972784785,51.76327272953194
447007.33,207379.71,GT,SW,SW64,-1.3202735493902522,51.763133939053915
447015.33,207352.75,GT,SW,SW65,-1.3201612787520063,51.762890887166854
446954.33,207288.71,GT,SW,SW66,-1.3210537195112526,51.762320246193156
446997.33,207305.71,GT,SW,SW67,-1.3204284215839655,51.76246948489855
447039.33,207296.71,GT,SW,SW68,-1.3198211194141727,51.76238505300253
447057.33,207346.71,GT,SW,SW69,-1.3195535715388247,51.76283306553428
447032.33,207397.71,GT,SW,SW70,-1.3199089005734141,51.7632936724894
447051.33,207418.71,GT,SW,SW71,-1.319630776883937,51.763480879034994
447082.33,207381.71,GT,SW,SW72,-1.319186624611568,51.76314563394006
447094.33,207298.71,GT,SW,SW73,-1.3190239823106982,51.76239842210862
447143.33,207298.71,GT,SW,SW74,-1.3183140464304854,51.76239430891354
447124.33,207330.71,GT,SW,SW75,-1.3185849982419169,51.76268359787038
447158.33,207352.75,GT,SW,SW76,-1.3180894025036551,51.76287889131542
447192.33,207299.71,GT,SW,SW77,-1.3176039752303634,51.76239918185272
447192.33,207353.71,GT,SW,SW78,-1.3175966587092562,51.76288466458589
447232.33,207358.71,GT,SW,SW79,-1.3170164351074416,51.762926252235744
447250.33,207305.71,GT,SW,SW80,-1.3167628292785882,51.76244824507468
447326.33,207326.71,GT,SW,SW80A,-1.3156588502237647,51.76263064117708
447280.33,207372.71,GT,SW,SW81,-1.3163190794344763,51.76304807697383
447327.33,207376.71,GT,SW,SW82,-1.315637567603788,51.763080077711514
447438.33,207316.71,GT,SW,SW83,-1.3140374946887587,51.762531282664135
447398.33,207335.71,GT,SW,SW84,-1.3146144498150172,51.7627054796779
447375.33,207309.71,GT,SW,SW84A,-1.314951223489238,51.76247367057201
447385.33,207377.71,GT,SW,SW85,-1.3147970872436285,51.763084174728256
447401.33,207319.71,GT,SW,SW86,-1.3145731615740537,51.76256137969627
447421.33,207386.71,GT,SW,SW87,-1.3142742688541595,51.76316204815045
447468.33,207292.71,GT,SW,SW88,-1.3136061100329683,51.762312976516846
447452.33,207361.71,GT,SW,SW89,-1.3138285246589214,51.76293466791696
447512.33,207309.71,GT,SW,SW90,-1.3129662995346567,51.762462090871765
446187.33,207225.71,GT,SW,SW101,-1.3321747501206729,51.761817481310445
446196.33,207192.71,GT,SW,SW101A,-1.3320487314106115,51.761520055915845
446220.33,207169.71,GT,SW,SW102,-1.3317040652483378,51.76131130004855
446179.33,207147.71,GT,SW,SW103,-1.332300997067236,51.761116884375426
446208.33,207101.71,GT,SW,SW104,-1.3318869433727225,51.760700937344744
446212.33,207123.71,GT,SW,SW104A,-1.3318260729922686,51.76089839798661
446199.33,207046.71,GT,SW,SW105,-1.332024629140601,51.76020720327158
446160.33,207047.71,GT,SW,SW106,-1.3325895219234556,51.76021940184304
446138.33,207049.71,GT,SW,SW107,-1.3329079893667681,51.760239191259785
446096.33,207115.71,GT,SW,SW108,-1.3335077455082114,51.76083601141357
446096.33,207150.71,GT,SW,SW109,-1.3335031141593567,51.761150677265874
446136.33,207131.71,GT,SW,SW109A,-1.3329261052604906,51.76097657272939
446074.33,207165.71,GT,SW,SW110,-1.333819869157366,51.76128734011961
445998.33,207148.71,GT,SW,SW111,-1.3349232155910904,51.76114073486695
445938.33,207159.71,GT,SW,SW112,-1.3357910531599542,51.761244542962885
446006.33,207195.71,GT,SW,SW113,-1.3348011033269263,51.76156263067796
446053.33,207204.71,GT,SW,SW114,-1.3341189649387106,51.76163969096434
446077.33,207218.71,GT,SW,SW115,-1.3337693941216011,51.76176358787625
446054.33,207257.71,GT,SW,SW116,-1.3340974695088432,51.76211610291601
446081.33,207293.71,GT,SW,SW117,-1.333701519085184,51.7624375434069
446052.33,207309.71,GT,SW,SW118,-1.3341195715786833,51.762583770496306
446065.33,207348.71,GT,SW,SW119,-1.3339260621774904,51.76293333142994
446049.33,207369.71,GT,SW,SW120,-1.3341551051638203,51.76312344367958
446035.33,207357.71,GT,SW,SW121,-1.3343595338721426,51.76301670657868
445975.33,207428.71,GT,SW,SW122,-1.3352194863769065,51.76365994606692
445980.33,207449.71,GT,SW,SW123,-1.335144269430035,51.763848336007676
445999.33,207471.71,GT,SW,SW124,-1.3348660729320254,51.764044569241065
446013.33,207508.71,GT,SW,SW125,-1.334658337984551,51.7643760684419
446067.33,207514.71,GT,SW,SW126,-1.333875129378893,51.76442558191442
446100.33,207536.71,GT,SW,SW127,-1.3333940744233277,51.764620662442084
446154.33,207555.71,GT,SW,SW128,-1.332609137518916,51.76478704326136
446172.33,207563.71,GT,SW,SW129,-1.33234726965678,51.76485748643893
446195.33,207551.71,GT,SW,SW130,-1.332015607069912,51.76474770866124
446202.33,207594.71,GT,SW,SW131,-1.3319084777492607,51.76513372160321
446225.33,207620.71,GT,SW,SW132,-1.3315717705642753,51.76536557942029
446261.33,207581.71,GT,SW,SW133,-1.3310553298853658,51.76501198621504
446238.33,207655.71,GT,SW,SW134,-1.3313787605083753,51.765679174115434
446222.33,209088.71,GT,W,W1,-1.33142033083252,51.77856378123493
446202.33,209111.71,GT,W,W2,-1.3317071513003365,51.77877220837918
446234.33,209164.71,GT,W,W3,-1.3312363091060906,51.77924606444632
446240.33,209195.71,GT,W,W4A,-1.3311452262971961,51.77952427296677
446257.33,209228.71,GT,W,W4B,-1.3308944414089339,51.77981955533577
446195.33,209187.71,GT,W,W5,-1.3317985188105208,51.779456056879816
446183.33,209156.71,GT,W,W6,-1.3319765608710432,51.77917834179596
446155.33,209193.71,GT,W,W7,-1.3323774826363899,51.77951329173159
446167.33,209134.75,GT,W,W8,-1.332211376678945,51.778982229027214
446181.33,209099.75,GT,W,W9,-1.3320131076451565,51.77866641196486
446093.33,209131.71,GT,W,W10,-1.3332843236192682,51.77896098287002
446051.33,209146.71,GT,W,W11,-1.3338910797734476,51.77909928840012
446105.33,209157.71,GT,W,W12,-1.3331069528870876,51.779193747855196
446119.33,209148.71,GT,W,W13,-1.3329052309293539,51.779111683316195
446247.33,209273.75,GT,W,W14,-1.3310333963940595,51.78022530827826
446267.33,209330.71,GT,W,W15,-1.3307359379638493,51.78073575334518
446212.33,209362.71,GT,W,W16,-1.3315288799257994,51.78102798022577
446242.33,209395.71,GT,W,W17,-1.331089659489579,51.781322191837155
446247.33,209436.71,GT,W,W18,-1.331011736978534,51.78169038673722
446231.33,209497.71,GT,W,W19,-1.331235546917693,51.782240121004854
446229.33,209534.71,GT,W,W20,-1.3312596204227158,51.78257293122012
446206.33,209539.71,GT,W,W21,-1.3315923411030821,51.78261977834086
446164.33,209458.71,GT,W,W22,-1.3322118786336796,51.78189501257263
446199.33,209475.71,GT,W,W23,-1.3317023043490304,51.78204496823259
446185.33,209410.71,GT,W,W24,-1.3319138599189295,51.781461743902696
446156.33,209366.71,GT,W,W25,-1.3323400410129356,51.78106855230913
446142.33,209342.71,GT,W,W26,-1.3325461467706794,51.78085393394588
446173.33,209315.71,GT,W,W27,-1.3321004020036822,51.78060864190325
446109.33,209245.71,GT,W,W28,-1.3330373168648142,51.77998457637604
446124.33,209221.71,GT,W,W29,-1.3328230856273557,51.7797675731594
446142.33,209424.71,GT,W,W31,-1.3325352725871393,51.78159114838709
446111.33,209455.71,GT,W,W32,-1.3329804992509107,51.78187240046181
446102.33,209511.71,GT,W,W33,-1.3331035319542455,51.78237660369639
446103.33,209396.71,GT,W,W34,-1.3331042750453692,51.78134262320363
446067.33,209408.71,GT,W,W35,-1.3336244918514386,51.78145346575953
446064.33,209374.71,GT,W,W36,-1.3336724769446286,51.78114803776728
446046.33,209353.71,GT,W,W37,-1.3339361576446083,51.78096071666037
446005.33,209356.71,GT,W,W38,-1.3345300346580997,51.78099105178564
445981.33,209386.71,GT,W,W39,-1.334873938004804,51.78126273221139
446045.33,209413.75,GT,W,W40,-1.3339427068737806,51.78150058371251
446030.33,209444.71,GT,W,W41,-1.3341560308715201,51.78178015821102
445967.33,209346.71,GT,W,W42,-1.3350821463682525,51.78090426257356
445941.33,209362.71,GT,W,W43,-1.3354568899426846,51.78105023923382
446005.33,209288.71,GT,W,W44,-1.3345390251538523,51.780379702920754
446015.33,209235.71,GT,W,W45,-1.3344010908241193,51.779902390233985
446077.33,209204.75,GT,W,W46,-1.3335065537761954,51.77961895782529
446079.33,209309.71,GT,W,W47,-1.3334636666904351,51.78056242840119
446052.33,209277.71,GT,W,W49,-1.333859249230317,51.78027695196304
445924.33,209323.71,GT,W,W50,-1.335708443913566,51.78070100455475
445892.33,209413.75,GT,W,W51,-1.3361603892986829,51.781513121287226
445876.33,209386.71,GT,W,W51A,-1.336395869034752,51.78127132885024
445820.33,209385.71,GT,W,W52,-1.3372076975785554,51.78126691524109
445780.33,209386.71,GT,W,W53,-1.3377873494964678,51.78127917139553
446073.33,209473.71,GT,W,W54,-1.3335289169234683,51.78203735036915
446057.33,209470.71,GT,W,W55,-1.333761231202278,51.78201169300914
445993.33,209438.71,GT,W,W56,-1.3346931294682527,51.78172925050772
445965.33,209415.71,GT,W,W57,-1.3351020202580968,51.78152476575606
445917.33,209425.71,GT,W,W58,-1.3357964444614399,51.78161860101092
445913.33,209353.71,GT,W,W59,-1.3358639238401995,51.78097161774055
445859.33,209421.71,GT,W,W60,-1.336637664048693,51.78158738378512
445821.33,209425.71,GT,W,W61,-1.337187935437388,51.78162645068714
445726.33,209377.71,GT,W,W62,-1.33857124025661,51.78120266171212
445695.33,209336.71,GT,W,W63,-1.3390259561627327,51.780836579967925
445682.33,209306.71,GT,W,W64,-1.3392183225431529,51.780567925733
445637.33,209270.71,GT,W,W64A,-1.3398752905913254,51.78024793263806
445719.33,209298.71,GT,W,W64B,-1.3386830820886768,51.7804929881337
445642.33,209320.71,GT,W,W65,-1.339796260968652,51.78069704759013
445757.33,209361.71,GT,W,W66,-1.3381240126770213,51.781056287136835
445819.33,209351.71,GT,W,W67,-1.3372266693042878,51.780961322342584
445861.33,209327.71,GT,W,W68,-1.3366210640607763,51.7807421200944
445872.33,209243.71,GT,W,W69,-1.3364726990034606,51.77998602473588
445813.33,209236.71,GT,W,W71,-1.3373287769251816,51.779927912926084
445760.33,209327.71,GT,W,W72,-1.3380850004201665,51.780750367791335
445791.33,209253.71,GT,W,W73,-1.337645411343586,51.78008254639785
445800.33,209211.71,GT,W,W74,-1.3375204913722276,51.77970421360567
445667.33,209164.71,GT,W,W75,-1.3394543732470499,51.779292505276665
445751.33,209202.71,GT,W,W75A,-1.3382318849318506,51.779627297855576
445644.33,209161.71,GT,W,W76,-1.3397881278267814,51.779267405688906
445609.33,209153.71,GT,W,W77,-1.3402964647027877,51.77919832864605
445685.33,209195.71,GT,W,W78,-1.339189412249539,51.779569743273676
445684.33,209242.71,GT,W,W79,-1.3391977360668648,51.779992375120194
445704.33,209263.71,GT,W,W80,-1.3389050942456664,51.78017954522087
445606.33,209304.71,GT,W,W81,-1.3403201568125607,51.78055612839931
445607.33,209219.71,GT,W,W83,-1.3403168027716512,51.779791860064414
445572.33,209301.71,GT,W,W84,-1.3408133582290938,51.7805319200671
445566.33,209264.71,GT,W,W85,-1.3409051693974199,51.78019976128448
445546.33,209292.71,GT,W,W87,-1.3411913896379217,51.78045311760376
445514.33,209277.71,GT,W,W89,-1.3416571703921012,51.780320858100566
445496.33,209236.71,GT,W,W91,-1.3419234281720265,51.77995371015081
445495.33,209195.71,GT,W,W92,-1.341943282565271,51.77958518323362
445509.33,209146.71,GT,W,W93,-1.3417467736565836,51.77914351621342
445546.33,209131.71,GT,W,W94,-1.341212461890221,51.779005657077036
445509.33,209118.71,GT,W,W95,-1.3417504352605398,51.77889178388961
445493.33,209137.71,GT,W,W96,-1.3419798528996225,51.77906389989218
445487.33,209092.71,GT,W,W97,-1.3420726980797535,51.778659816545826
445459.33,209114.71,GT,W,W98,-1.342475649754156,51.77885987570082
445380.33,209050.71,GT,W,W99,-1.343629007916471,51.77829088281354
445385.33,209013.71,GT,W,W99A,-1.34356136474396,51.77795783191468
445358.33,209039.71,GT,W,W100,-1.3439493018927324,51.77819376693061
445335.33,209003.71,GT,W,W101,-1.3442873446535886,51.77787196981524
445323.33,209040.71,GT,W,W102,-1.3444564484328245,51.77820558583632
445304.33,209032.71,GT,W,W103,-1.3447328687373161,51.77813519679525
445294.33,209015.71,GT,W,W103A,-1.3448800172486801,51.77798316658012
445273.33,208998.71,GT,W,W104,-1.3451865933573817,51.777832023887726
445237.33,208993.71,GT,W,W105,-1.345709009601756,51.7777899753774
445289.39,209036.69,BT,W,W200,-1.34494888526997,51.77817218494699
445347.23,209086.27,BT,W,W201,-1.3441041143210155,51.77861325932779
445399.5,209112.32,BT,W,W202,-1.3433431275059429,51.77884323317637
445415.92,209157.73,BT,W,W203,-1.3430992127462016,51.77925016022727
445450.07,209189.18,BT,W,W204,-1.342600136676058,51.779530144103816
445560.31,209188.06,BT,W,W205,-1.3410024601966741,51.7795111331741
445587.33,209167.74,BT,W,W206,-1.3406134933202871,51.77932625256232
445625.1,209186.65,BT,W,W207,-1.3400635767202285,51.77949319137049
445650.29,209239.71,BT,W,W208,-1.3396915116589119,51.779968174729696
445746.54,209275.27,BT,W,W209,-1.3382917726114698,51.78028003424202
445856.55,209270.39,BT,W,W210,-1.3366979011718791,51.780227179467325
445965.45,209258.48,BT,W,W211,-1.3351210508707816,51.78011119134882
